"","m","upper","lower","norm_upper","norm_lower","w_norm_CI","w_new_CI","has_preview_condition","reread_condition","linear","new_p_val","n_sim"
"1",0.00140961647203081,0.00155796180751976,0.00126183993105133,0.00155811483697892,0.0012611181070827,0.000296996729896216,0.00029612187646843,"Gathering",0,"linear",0.001,1000
"2",0.00160983476691778,0.00176258072432217,0.00144291525949873,0.0017628747975397,0.00145679473629586,0.000306080061243834,0.00031966546482344,"Gathering",0,"nonlinear",0.001,1000
"3",0.000492324223789877,0.000750067825826646,0.000251387882826055,0.000742203271708269,0.000242445175871484,0.000499758095836785,0.00049867994300059,"Gathering",1,"linear",0.001,1000
"4",0.000623733240135762,0.000905658751699924,0.000374016283058212,0.000883792220529251,0.000363674259742273,0.000520117960786978,0.000531642468641712,"Gathering",1,"nonlinear",0.001,1000
"5",0.00100029714344406,0.00114510540799467,0.000866334175422714,0.00114267269717263,0.000857921589715485,0.000284751107457148,0.000278771232571951,"Hunting",0,"linear",0.001,1000
"6",0.00134409505620812,0.00149898805140003,0.00120018515077758,0.00149351087772672,0.00119467923468952,0.000298831643037195,0.000298802900622442,"Hunting",0,"nonlinear",0.001,1000
"7",0.000209757603122222,0.000424997208746324,-7.84110461485237e-06,0.000424133102816729,-4.61789657228525e-06,0.000428750999389015,0.000432838313361177,"Hunting",1,"linear",0.053,1000
"8",0.000487943423571621,0.000721904147494048,0.00024171529613641,0.000733499843201421,0.00024238700394182,0.0004911128392596,0.000480188851357638,"Hunting",1,"nonlinear",0.001,1000
