"","m","upper","lower","norm_upper","norm_lower","w_norm_CI","w_new_CI","has_preview_condition","reread_condition","linear","new_p_val","n_sim"
"1",0.000135202473135482,0.000168052449409406,9.98578205274864e-05,0.000169328846139857,0.000101076100131108,6.82527460087493e-05,6.81946288819194e-05,"Gathering",1,"linear",0.001,1000
"2",-0.000279367010663066,-0.000169289594515822,-0.000387778404845507,-0.000167164703329263,-0.00039156931799687,0.000224404614667607,0.000218488810329685,"Gathering",1,"nonlinear",0.001,1000
"3",0.000162385911111513,0.000236391491558527,8.78053117162145e-05,0.000231178907726155,9.35929144968713e-05,0.000137585993229284,0.000148586179842313,"Hunting",1,"linear",0.001,1000
"4",0.000138380862944198,0.000316295620414812,-4.20906149736775e-05,0.000312590262735651,-3.58285368472546e-05,0.000348418799582905,0.000358386235388489,"Hunting",1,"nonlinear",0.123,1000
