"","m","upper","lower","norm_upper","norm_lower","w_norm_CI","w_new_CI","has_preview_condition","reread_condition","linear","new_p_val","n_sim"
"1",0.00167612326562328,0.00181278353249599,0.00152701940986013,0.00182753587419583,0.00152471065705073,0.000302825217145092,0.000285764122635861,"Gathering",0,"linear",0.001,1000
"2",0.00176401030415303,0.0019120143013478,0.00160247136441912,0.00191963731889497,0.0016083832894111,0.000311254029483874,0.000309542936928685,"Gathering",0,"nonlinear",0.001,1000
"3",0.00138437904077378,0.00154420269603213,0.00123651230999346,0.00154328831499141,0.00122546976655614,0.000317818548435267,0.000307690386038668,"Hunting",0,"linear",0.001,1000
"4",0.00163551360637755,0.001792023398918,0.00147386110467313,0.00179937072742195,0.00147165648533314,0.00032771424208881,0.000318162294244863,"Hunting",0,"nonlinear",0.001,1000
