"","m","upper","lower","norm_upper","norm_lower","w_norm_CI","w_new_CI","has_preview_condition","reread_condition","linear","new_p_val","n_sim"
"1",0.0016928712678801,0.00183882674164563,0.00153923190312942,0.00184324143219182,0.00154250110356837,0.000300740328623444,0.000299594838516217,"Gathering",0,"linear",0.001,1000
"2",0.00177275280596457,0.00193319861892898,0.00162050035134531,0.00192772125905316,0.00161778435287597,0.000309936906177187,0.00031269826758367,"Gathering",0,"nonlinear",0.001,1000
"3",0.00139207281333344,0.00154938199945787,0.00123322658525226,0.00155071582285685,0.00123342980381004,0.000317286019046811,0.000316155414205615,"Hunting",0,"linear",0.001,1000
"4",0.00171021262281962,0.00187407906279217,0.00153999547141255,0.00187448996526347,0.00154593528037577,0.000328554684887696,0.000334083591379613,"Hunting",0,"nonlinear",0.001,1000
