"","m","upper","lower","norm_upper","norm_lower","w_norm_CI","w_new_CI","has_preview_condition","reread_condition","linear","new_p_val","n_sim"
"1",0.00144914322971668,0.00159640236951358,0.00130041132082121,0.00159680963336979,0.00130147682606358,0.000295332807306218,0.000295991048692369,"Gathering",0,"linear",0.001,1000
"2",0.0016045722613255,0.00175697150109073,0.00145761737665694,0.0017561116092377,0.00145303291341329,0.000303078695824405,0.000299354124433795,"Gathering",0,"nonlinear",0.001,1000
"3",0.00131944425819382,0.00148703050879366,0.00114757914584188,0.00147616531180677,0.00116272320458086,0.000313442107225908,0.000339451362951785,"Hunting",0,"linear",0.001,1000
"4",0.0015459688879256,0.00170606224251163,0.00138007816340712,0.00170681687969077,0.00138512089616043,0.000321695983530333,0.000325984079104511,"Hunting",0,"nonlinear",0.001,1000
