"","m","upper","lower","norm_upper","norm_lower","w_norm_CI","w_new_CI","has_preview_condition","reread_condition","linear","new_p_val","n_sim"
"1",0.000464200156659412,0.000697615391034977,0.000237330517992591,0.000699223038683856,0.000229177274634967,0.000470045764048889,0.000460284873042386,"Gathering",1,"linear",0.001,1000
"2",0.000658219807087214,0.000925576042565914,0.000404744777589393,0.000917024306594746,0.000399415307579682,0.000517608999015064,0.000520831264976521,"Gathering",1,"nonlinear",0.001,1000
"3",0.0002421412533944,0.000480453345314015,3.11745830091839e-05,0.000468183155064521,1.60993517242791e-05,0.000452083803340242,0.000449278762304831,"Hunting",1,"linear",0.029,1000
"4",0.000500869401369152,0.000740114244834045,0.000253133498099936,0.000747804963761204,0.000253933838977101,0.000493871124784103,0.00048698074673411,"Hunting",1,"nonlinear",0.001,1000
