"","m","upper","lower","norm_upper","norm_lower","w_norm_CI","w_new_CI","has_preview_condition","reread_condition","linear","new_p_val","n_sim"
"1",0.000169868321696588,0.000201804838667495,0.000134507795860318,0.000203124212187848,0.000136612431205327,6.65117809825215e-05,6.72970428071769e-05,"Gathering",1,"linear",0.001,1000
"2",-0.000301568774339712,-0.000176043704266319,-0.000433391212742281,-0.000173594521731965,-0.00042954302694746,0.000255948505215495,0.000257347508475962,"Gathering",1,"nonlinear",0.001,1000
"3",0.000122772336845245,0.000197174723391688,5.02933073518937e-05,0.000198957654703794,4.65870189866965e-05,0.000152370635717097,0.000146881416039794,"Hunting",1,"linear",0.002,1000
"4",0.000233370664405159,0.000424056734376434,3.6343204067505e-05,0.000415791811284313,5.09495175260053e-05,0.000364842293758307,0.000387713530308929,"Hunting",1,"nonlinear",0.016,1000
