"","m","upper","lower","norm_upper","norm_lower","w_norm_CI","w_new_CI","has_preview_condition","reread_condition","linear","new_p_val","n_sim"
"1",0.00166475672587452,0.00183675089980417,0.00151746910899948,0.001817917483588,0.00151159596816105,0.000306321515426945,0.00031928179080469,"Gathering",0,"linear",0.001,1000
"2",0.00180880425898597,0.0019673291633787,0.00164905408912371,0.00196647431305693,0.00165113420491501,0.000315340108141919,0.000318275074254992,"Gathering",0,"nonlinear",0.001,1000
"3",0.000903109865704424,0.0011805706922188,0.000627214852924661,0.00118136893787354,0.000624850793535304,0.00055651814433824,0.000553355839294136,"Gathering",1,"linear",0.001,1000
"4",0.0009868988876635,0.00127501206754741,0.0007183383212222,0.00127134069562464,0.00070245707970236,0.000568883615922281,0.000556673746325207,"Gathering",1,"nonlinear",0.001,1000
"5",0.00125940756743832,0.00140630683511825,0.00111048774042424,0.00141044152875712,0.00110837360611952,0.000302067922637598,0.000295819094694011,"Hunting",0,"linear",0.001,1000
"6",0.00150128762617427,0.0016684369589699,0.00134854769995009,0.00165773187410044,0.00134484337824811,0.000312888495852333,0.000319889259019811,"Hunting",0,"nonlinear",0.001,1000
"7",0.000368025983486368,0.000592186941582841,0.000142708865844574,0.000593988554227174,0.000142063412745563,0.00045192514148161,0.000449478075738267,"Hunting",1,"linear",0.002,1000
"8",0.000395812300482811,0.000649252476687337,0.000127646600013906,0.000642102566333707,0.000149522034631916,0.000492580531701792,0.00052160587667343,"Hunting",1,"nonlinear",0.001,1000
