"","m","upper","lower","norm_upper","norm_lower","w_norm_CI","w_new_CI","has_preview_condition","reread_condition","linear","new_p_val","n_sim"
"1",-0.000384607980644189,-0.000259369886184243,-0.00050893976366405,-0.000255178944108959,-0.000514037017179418,0.000258858073070459,0.000249569877479807,"Gathering",1,"linear",0.001,1000
"2",-6.49890046967718e-05,0.000162335869397482,-0.000283218703367964,0.000161817241667452,-0.000291795251060996,0.000453612492728448,0.000445554572765446,"Gathering",1,"nonlinear",0.56,1000
"3",-0.000127827148244343,-8.62855603532028e-05,-0.000169441331922424,-8.69083395727644e-05,-0.000168745956915922,8.18376173431576e-05,8.31557715692215e-05,"Hunting",1,"linear",0.001,1000
"4",-0.000120993626424232,-4.4134421738383e-05,-0.00019998423397347,-4.13289893255583e-05,-0.000200658263522905,0.000159329274197347,0.000155849812235087,"Hunting",1,"nonlinear",0.005,1000
