"","m","upper","lower","norm_upper","norm_lower","w_norm_CI","w_new_CI","has_preview_condition","reread_condition","linear","new_p_val","n_sim"
"1",-0.00038467100172142,-0.000255148361567167,-0.000511667411130028,-0.000256004294581745,-0.000513337708861095,0.00025733341427935,0.000256519049562861,"Gathering",1,"linear",0.001,1000
"2",0.000127354049224793,0.000369725697727233,-9.11112849604048e-05,0.000361889709752858,-0.000107181611303272,0.000469071321056131,0.000460836982687638,"Gathering",1,"nonlinear",0.283,1000
"3",-0.000160586776351869,-9.20639953467894e-05,-0.000226204204206189,-9.21725662457639e-05,-0.000229000986457975,0.000136828420212211,0.000134140208859399,"Hunting",1,"linear",0.001,1000
"4",7.83765165150138e-06,0.000177436792662207,-0.000164269031072073,0.000177802369768985,-0.000162127066465982,0.000339929436234967,0.00034170582373428,"Hunting",1,"nonlinear",0.907,1000
