"","m","upper","lower","norm_upper","norm_lower","w_norm_CI","w_new_CI","has_preview_condition","reread_condition","linear","new_p_val","n_sim"
"1",-0.000296251657158283,-0.000224596610636378,-0.000367953325116683,-0.000223510436583981,-0.000368992877732585,0.000145482441148604,0.000143356714480305,"Gathering",1,"linear",0.001,1000
"2",-8.30133883668321e-05,0.0001278719074925,-0.000295374688618243,0.000117533018421273,-0.000283559795154937,0.00040109281357621,0.000423246596110744,"Gathering",1,"nonlinear",0.415,1000
"3",4.44413592871429e-05,6.81786532904873e-05,1.88943195756249e-05,6.92491355037568e-05,1.96335830705291e-05,4.96155524332277e-05,4.92843337148624e-05,"Hunting",1,"linear",0.001,1000
"4",-5.81372511098367e-06,0.000149443986786782,-0.000156161203714514,0.000151294513135538,-0.000162921963357505,0.000314216476493043,0.000305605190501296,"Hunting",1,"nonlinear",0.928,1000
