"","m","upper","lower","norm_upper","norm_lower","w_norm_CI","w_new_CI","has_preview_condition","reread_condition","linear","new_p_val","n_sim"
"1",-0.000330459685934279,-0.000234115365586082,-0.000429585322794734,-0.000235032154613282,-0.000425887217255277,0.000190855062641996,0.000195469957208652,"Gathering",1,"linear",0.001,1000
"2",-0.000308673909816678,-6.89317430006284e-05,-0.000546071090044752,-8.2612533496085e-05,-0.000534735286137272,0.000452122752641187,0.000477139347044123,"Gathering",1,"nonlinear",0.01,1000
"3",0.000185015128909598,0.000244260019772693,0.000124462758508251,0.000245983414091706,0.000124046843727491,0.000121936570364215,0.000119797261264442,"Hunting",1,"linear",0.001,1000
"4",0.00038413407839791,0.000606383147321538,0.000160974293256528,0.000617342195188478,0.000150925961607343,0.000466416233581136,0.00044540885406501,"Hunting",1,"nonlinear",0.001,1000
