"","m","upper","lower","norm_upper","norm_lower","w_norm_CI","w_new_CI","has_preview_condition","reread_condition","linear","new_p_val","n_sim"
"1",-0.000185457948174462,-0.000127219936015109,-0.000240169996905184,-0.000129109059054594,-0.00024180683729433,0.000112697778239736,0.000112950060890075,"Gathering",1,"linear",0.001,1000
"2",-0.000197858638068782,8.34852853748588e-06,-0.000377847326015881,-7.16543470791588e-06,-0.000388551841429648,0.000381386406721732,0.000386195854553367,"Gathering",1,"nonlinear",0.053,1000
"3",-0.00019523697612537,-0.000129854003483325,-0.000262403294130679,-0.000127728959498967,-0.000262744992751773,0.000135016033252807,0.000132549290647354,"Hunting",1,"linear",0.001,1000
"4",-0.000237428815481781,-0.000111009115621137,-0.000358797061498675,-0.000110760825794821,-0.000364096805168741,0.000253335979373919,0.000247787945877538,"Hunting",1,"nonlinear",0.001,1000
