"","m","upper","lower","norm_upper","norm_lower","w_norm_CI","w_new_CI","has_preview_condition","reread_condition","linear","new_p_val","n_sim"
"1",-0.000121250163832177,-8.56248240538399e-05,-0.000156867711593385,-8.45480310070712e-05,-0.000157952296657283,7.34042656502122e-05,7.1242887539545e-05,"Gathering",1,"linear",0.001,1000
"2",-0.000187919971248159,-3.18731061948791e-06,-0.000376160183627432,-8.30533513171254e-07,-0.000375009408983146,0.000374178875469975,0.000372972873007944,"Gathering",1,"nonlinear",0.055,1000
"3",-2.08948604890503e-05,1.2448938522633e-06,-4.38233427279053e-05,1.57637635938873e-06,-4.33660973374894e-05,4.49424736968781e-05,4.50682365801686e-05,"Hunting",1,"linear",0.066,1000
"4",-8.34455085297763e-05,-9.77065033697102e-06,-0.000153185178461303,-1.32816118189391e-05,-0.000153609405240614,0.000140327793421674,0.000143414528124332,"Hunting",1,"nonlinear",0.026,1000
