"","m","upper","lower","norm_upper","norm_lower","w_norm_CI","w_new_CI","has_preview_condition","reread_condition","linear","new_p_val","n_sim"
"1",-0.000276522236622408,-0.000155837927592425,-0.000397483286552708,-0.000162661350571031,-0.000390383122673785,0.000227721772102755,0.000241645358960283,"Gathering",1,"linear",0.001,1000
"2",0.000231582214335702,0.00045424642457811,-7.12801505560415e-06,0.000452554549413698,1.06098792577068e-05,0.000441944670155991,0.000461374439633714,"Gathering",1,"nonlinear",0.055,1000
"3",-8.15340861827338e-05,-3.98739532952989e-05,-0.000121080034928331,-4.10577757877972e-05,-0.00012201039657767,8.09526207898732e-05,8.12060816330324e-05,"Hunting",1,"linear",0.001,1000
"4",-0.000273568828736067,-0.000167065770387402,-0.000375381303249907,-0.000170884725583879,-0.000376252931888255,0.000205368206304376,0.000208315532862505,"Hunting",1,"nonlinear",0.001,1000
