"","m","upper","lower","norm_upper","norm_lower","w_norm_CI","w_new_CI","has_preview_condition","reread_condition","linear","new_p_val","n_sim"
"1",-0.000249395343352253,-0.000164611762643059,-0.000334681442799198,-0.000165689493089571,-0.000333101193614935,0.000167411700525364,0.00017006968015614,"Gathering",1,"linear",0.001,1000
"2",0.000199740671352158,0.000402597381589059,2.21827762815306e-06,0.000401899210088224,-2.41786738390794e-06,0.000404317077472132,0.000400379103960906,"Gathering",1,"nonlinear",0.053,1000
"3",-0.000185545801227246,-0.000108466013541532,-0.000265010710480271,-0.000106635344542423,-0.000264456257912069,0.000157820913369646,0.000156544696938739,"Hunting",1,"linear",0.001,1000
"4",8.75654271680039e-05,0.00029829081511763,-0.000125454542970656,0.00029931366361569,-0.000124182809279682,0.000423496472895372,0.000423745358088286,"Hunting",1,"nonlinear",0.43,1000
