"","m","upper","lower","norm_upper","norm_lower","w_norm_CI","w_new_CI","has_preview_condition","reread_condition","linear","new_p_val","n_sim"
"1",-0.000379795610721111,-0.000244377093732051,-0.000511696514629087,-0.00023950908558213,-0.000520082135860093,0.000280573050277963,0.000267319420897036,"Gathering",1,"linear",0.001,1000
"2",0.000109358161243792,0.000313260961362991,-9.17486529343795e-05,0.000313667824190244,-9.49515017026588e-05,0.000408619325892903,0.00040500961429737,"Gathering",1,"nonlinear",0.292,1000
"3",-0.000138535536525467,-9.9126708101127e-05,-0.000180512331002727,-9.72624945590486e-05,-0.000179808578491885,8.25460839328365e-05,8.13856229015999e-05,"Hunting",1,"linear",0.001,1000
"4",-3.34849212721406e-05,0.000132774770985279,-0.000196381858111585,0.000135936915347862,-0.000202906757892143,0.000338843673240005,0.000329156629096864,"Hunting",1,"nonlinear",0.789,1000
