"","m","upper","lower","norm_upper","norm_lower","w_norm_CI","w_new_CI","has_preview_condition","reread_condition","linear","new_p_val","n_sim"
"1",-0.000243576647842818,-6.83348843398007e-05,-0.000417856493605716,-6.66624036298272e-05,-0.000420490892055809,0.000353828488425981,0.000349521609265916,"Gathering",1,"linear",0.007,1000
"2",0.00012709231387142,0.000348330107720208,-9.12386896129092e-05,0.000356601227889613,-0.000102416600146772,0.000459017828036386,0.000439568797333117,"Gathering",1,"nonlinear",0.256,1000
"3",-5.94545647443183e-05,-3.43767391460382e-05,-8.28138788047522e-05,-3.37295573088982e-05,-8.51795721797384e-05,5.14500148708402e-05,4.8437139658714e-05,"Hunting",1,"linear",0.001,1000
"4",-5.871846585545e-05,2.50344880056253e-05,-0.000139334730381974,2.49088728431871e-05,-0.000142345804554087,0.000167254677397274,0.000164369218387599,"Hunting",1,"nonlinear",0.177,1000
