"","m","upper","lower","norm_upper","norm_lower","w_norm_CI","w_new_CI","has_preview_condition","reread_condition","linear","new_p_val","n_sim"
"1",-0.000466536932332186,-0.00034713255193117,-0.000594954440691426,-0.000342775337509285,-0.000590298527155086,0.0002475231896458,0.000247821888760256,"Gathering",1,"linear",0.001,1000
"2",-0.000345694151022512,-0.000119630068727215,-0.000578473388132285,-0.000122366069882735,-0.000569022232162289,0.000446656162279555,0.00045884331940507,"Gathering",1,"nonlinear",0.004,1000
"3",-0.000127677767020496,-6.15709701602525e-05,-0.000192537652855187,-6.43649494551551e-05,-0.000190990584585836,0.000126625635130681,0.000130966682694935,"Hunting",1,"linear",0.001,1000
"4",-0.000324592876403089,-0.000170704324269525,-0.000477610309417789,-0.000168319395948521,-0.000480866356857657,0.000312546960909137,0.000306905985148264,"Hunting",1,"nonlinear",0.001,1000
