"","m","upper","lower","norm_upper","norm_lower","w_norm_CI","w_new_CI","has_preview_condition","reread_condition","linear","new_p_val","n_sim"
"1",-0.000213486462692936,-8.44430382827147e-05,-0.0003408133392897,-8.71134136500659e-05,-0.000339859511735805,0.000252746098085739,0.000256370301006986,"Gathering",1,"linear",0.002,1000
"2",2.85268294708234e-05,0.000247633155236075,-0.000190388528656369,0.000245229712460952,-0.000188176053519305,0.000433405765980256,0.000438021683892444,"Gathering",1,"nonlinear",0.772,1000
"3",-3.69075608367292e-05,-2.25932176884272e-05,-5.32839714560507e-05,-2.20589131961617e-05,-5.17562084772967e-05,2.9697295281135e-05,3.06907537676235e-05,"Hunting",1,"linear",0.001,1000
"4",-9.79266675455927e-06,8.27328308579903e-05,-9.6518705412027e-05,7.81359017809403e-05,-9.77212352900589e-05,0.000175857137070999,0.000179251536270017,"Hunting",1,"nonlinear",0.84,1000
