"","m","upper","lower","norm_upper","norm_lower","w_norm_CI","w_new_CI","has_preview_condition","reread_condition","linear","new_p_val","n_sim"
"1",-0.000371856273949333,-0.000179285725657406,-0.000540745518716741,-0.000199800648214508,-0.000543911899684158,0.000344111251469649,0.000361459793059334,"Gathering",1,"linear",0.001,1000
"2",0.000144394982293047,0.000382994303931581,-0.00010815756667093,0.000379860423133243,-9.10704585471477e-05,0.00047093088168039,0.000491151870602511,"Gathering",1,"nonlinear",0.229,1000
"3",-4.12883505894959e-05,-2.80353022485238e-05,-5.56131318617811e-05,-2.71784839017184e-05,-5.53982172772733e-05,2.82197333755549e-05,2.75778296132573e-05,"Hunting",1,"linear",0.001,1000
"4",-1.49449473255083e-05,8.78448079652785e-05,-0.000122803881019426,8.96210413541306e-05,-0.000119510936005147,0.000209131977359278,0.000210648688984704,"Hunting",1,"nonlinear",0.783,1000
