"","m","upper","lower","norm_upper","norm_lower","w_norm_CI","w_new_CI","has_preview_condition","reread_condition","linear","new_p_val","n_sim"
"1",-0.000240410603661429,-0.000121805833049934,-0.000355107071602691,-0.000126869502835373,-0.000353951704487486,0.000227082201652113,0.000233301238552758,"Gathering",1,"linear",0.002,1000
"2",-0.000278572199457657,-3.59912075690094e-05,-0.000518257481838458,-3.35866850367086e-05,-0.000523557713878605,0.000489971028841897,0.000482266274269448,"Gathering",1,"nonlinear",0.032,1000
"3",-6.75661420918466e-05,-3.78889237274973e-05,-9.85687181604941e-05,-3.86910107579654e-05,-9.64412734257278e-05,5.77502626677624e-05,6.06797944329968e-05,"Hunting",1,"linear",0.001,1000
"4",-6.15871871501489e-05,9.059250559298e-05,-0.000194197479189973,7.78324156228966e-05,-0.000201006789923194,0.000278839205546091,0.000284789984782953,"Hunting",1,"nonlinear",0.442,1000
