"","m","upper","lower","norm_upper","norm_lower","w_norm_CI","w_new_CI","has_preview_condition","reread_condition","linear","new_p_val","n_sim"
"1",-0.000377116726166469,-0.000260671884596629,-0.000499845485248257,-0.000255306725011412,-0.000498926727321526,0.000243620002310114,0.000239173600651628,"Gathering",1,"linear",0.001,1000
"2",0.000322003981886543,0.000604210392961156,3.32315484858387e-05,0.000597038789204657,4.69691745684285e-05,0.000550069614636229,0.000570978844475317,"Gathering",1,"nonlinear",0.031,1000
"3",4.60840922523553e-05,8.23989217878663e-05,9.68740106398638e-06,8.03799459638788e-05,1.17882385408317e-05,6.85917074230471e-05,7.27115207238799e-05,"Hunting",1,"linear",0.013,1000
"4",-0.00011853784023857,-7.54911640503335e-06,-0.000240323297034269,5.54947751025956e-07,-0.000237630628228167,0.000238185575979193,0.000232774180629236,"Hunting",1,"nonlinear",0.048,1000
