"","m","upper","lower","norm_upper","norm_lower","w_norm_CI","w_new_CI","has_preview_condition","reread_condition","linear","new_p_val","n_sim"
"1",-0.000237121062230472,-0.000150327869696112,-0.000328086917557111,-0.000148523050693981,-0.000325719073766963,0.000177196023072982,0.000177759047860999,"Gathering",1,"linear",0.001,1000
"2",-9.9238139984564e-05,0.000155645136095044,-0.000343117888580146,0.000151926571338947,-0.000350402851308075,0.000502329422647021,0.00049876302467519,"Gathering",1,"nonlinear",0.476,1000
"3",-0.000145501148234935,-9.295356750895e-05,-0.000202483981127765,-9.16145100435919e-05,-0.000199387786426278,0.000107773276382686,0.000109530413618815,"Hunting",1,"linear",0.001,1000
"4",-0.000254778246432721,-8.81463877767098e-05,-0.000418643672526541,-8.79893526283773e-05,-0.000421567140237064,0.000333577787608687,0.000330497284749831,"Hunting",1,"nonlinear",0.002,1000
