"","m","upper","lower","norm_upper","norm_lower","w_norm_CI","w_new_CI","has_preview_condition","reread_condition","linear","new_p_val","n_sim"
"1",-0.00021058379256551,-0.000130723368968852,-0.000283874639689777,-0.00013495088089666,-0.000286216704234359,0.000151265823337698,0.000153151270720924,"Gathering",1,"linear",0.001,1000
"2",0.000128571926520995,0.000354279097882137,-9.72367598959601e-05,0.000356405453520581,-9.9261600478591e-05,0.000455667053999172,0.000451515857778097,"Gathering",1,"nonlinear",0.294,1000
"3",-8.8197548295559e-05,-5.89008397387062e-05,-0.000117349767157447,-6.05171195375872e-05,-0.000115877977053531,5.53608575159438e-05,5.8448927418741e-05,"Hunting",1,"linear",0.001,1000
"4",-0.000109000786470323,4.45702967538339e-05,-0.000273266749066919,5.0573783811756e-05,-0.000268575356752401,0.000319149140564157,0.000317837045820753,"Hunting",1,"nonlinear",0.167,1000
