"","m","upper","lower","norm_upper","norm_lower","w_norm_CI","w_new_CI","has_preview_condition","reread_condition","linear","new_p_val","n_sim"
"1",0.00102833050991487,0.00116723520720933,0.00088518703216135,0.00116792498533612,0.00088873603449361,0.000279188950842514,0.000282048175047976,"Gathering",0,"linear",0.001,1000
"2",0.00129179289490596,0.00144039321508763,0.00114113540708458,0.00143903014056983,0.00114455564924209,0.000294474491327744,0.000299257808003046,"Gathering",0,"nonlinear",0.001,1000
"3",0.00023890111723715,0.000498358401462817,-1.31230752052557e-05,0.000485849997359501,-8.04776288520069e-06,0.000493897760244702,0.000511481476668073,"Gathering",1,"linear",0.066,1000
"4",0.000504178612236829,0.000766684637157287,0.000208157269851534,0.000773281969964703,0.000235075254508955,0.000538206715455748,0.000558527367305753,"Gathering",1,"nonlinear",0.002,1000
"5",0.000749355471414809,0.000883992450687958,0.000603787891919715,0.000884487501895761,0.000614223440933857,0.000270264060961904,0.000280204558768244,"Hunting",0,"linear",0.001,1000
"6",0.000942165872632171,0.00108505261536533,0.000797473840222617,0.00108848646957237,0.000795845275691971,0.000292641193880399,0.000287578775142711,"Hunting",0,"nonlinear",0.001,1000
"7",-1.83130119650434e-05,0.000178471479826668,-0.000203770030392747,0.000159133305662257,-0.000195759329592344,0.000354892635254602,0.000382241510219415,"Hunting",1,"linear",0.872,1000
"8",0.000263523590350306,0.000487995187585153,4.4799662212488e-05,0.000479773422002788,4.72737586978234e-05,0.000432499663304965,0.000443195525372665,"Hunting",1,"nonlinear",0.017,1000
