"","m","upper","lower","norm_upper","norm_lower","w_norm_CI","w_new_CI","has_preview_condition","reread_condition","linear","new_p_val","n_sim"
"1",0.00123360025636085,0.00139106319365508,0.00110043121923379,0.00138296635709188,0.00108423415562983,0.00029873220146205,0.000290631974421289,"Gathering",0,"linear",0.001,1000
"2",0.00150522102258156,0.00166277157646575,0.00135075653857352,0.00165982389200433,0.00135061815315879,0.000309205738845537,0.000312015037892228,"Gathering",0,"nonlinear",0.001,1000
"3",0.000533493304082761,0.000814926434426865,0.00027740963505409,0.000806282941783248,0.000260703666382273,0.000545579275400975,0.000537516799372775,"Gathering",1,"linear",0.001,1000
"4",0.000723379312745582,0.00103237281471134,0.000402194325905573,0.0010130511570719,0.000433707468419268,0.000579343688652629,0.000630178488805764,"Gathering",1,"nonlinear",0.001,1000
"5",0.000975984840496761,0.00112097891162291,0.000836784569028099,0.00111881537291139,0.000833154308082133,0.000285661064829256,0.000284194342594806,"Hunting",0,"linear",0.001,1000
"6",0.00126170910157313,0.00141999899258459,0.0011022966066284,0.00141231417299431,0.00111110403015194,0.00030121014284237,0.000317702385956191,"Hunting",0,"nonlinear",0.001,1000
"7",0.000166056526014675,0.000420247007407375,-7.02291381261755e-05,0.000388591106497715,-5.6478054468366e-05,0.000445069160966081,0.000490476145533551,"Hunting",1,"linear",0.187,1000
"8",0.000377778690602914,0.000610474507677168,0.000136771818448044,0.000618976428123913,0.000136580953081914,0.000482395475041999,0.000473702689229124,"Hunting",1,"nonlinear",0.002,1000
