"","m","upper","lower","norm_upper","norm_lower","w_norm_CI","w_new_CI","has_preview_condition","reread_condition","linear","new_p_val","n_sim"
"1",0.000832459001780595,0.000967215082300816,0.000701945285222449,0.000962812530782873,0.000702105472778316,0.000260707058004556,0.000265269797078367,"Gathering",0,"linear",0.001,1000
"2",0.00130167902061878,0.00144629102705386,0.00115649765046787,0.00144799826975325,0.0011553597714843,0.000292638498268947,0.00028979337658599,"Gathering",0,"nonlinear",0.001,1000
"3",0.00014557072442859,0.000368147373755054,-6.69217335379745e-05,0.000366600130672944,-7.5458681815765e-05,0.000442058812488709,0.000435069107293029,"Gathering",1,"linear",0.197,1000
"4",0.000745648782961258,0.0010327909784139,0.000466830166078413,0.00102811152723186,0.000463186038690657,0.000564925488541203,0.000565960812335483,"Gathering",1,"nonlinear",0.001,1000
"5",0.000619862607773526,0.000759678281312364,0.000491605513828606,0.000751172756667497,0.000488552458879554,0.000262620297787944,0.000268072767483758,"Hunting",0,"linear",0.001,1000
"6",0.00100363717696929,0.00115352639128674,0.000854564507131543,0.00115196635149208,0.000855308002446496,0.000296658349045585,0.000298961884155199,"Hunting",0,"nonlinear",0.001,1000
"7",8.58706743614194e-05,0.00027856023285396,-0.000125029783595213,0.000286101085953212,-0.000114359737230373,0.000400460823183585,0.000403590016449172,"Hunting",1,"linear",0.388,1000
"8",0.000338338502689082,0.000573233463755311,7.5958889209283e-05,0.000583260387953994,9.34166174241689e-05,0.000489843770529825,0.000497274574546028,"Hunting",1,"nonlinear",0.011,1000
