"","m","upper","lower","norm_upper","norm_lower","w_norm_CI","w_new_CI","has_preview_condition","reread_condition","linear","new_p_val","n_sim"
"1",0.00121388362835218,0.00135892559743552,0.00105904543733293,0.00135876871075387,0.00106899854595048,0.000289770164803389,0.000299880160102589,"Gathering",0,"linear",0.001,1000
"2",0.00153573587301888,0.00168233178728254,0.00139030575599934,0.00168685023987786,0.00138462150615991,0.000302228733717956,0.0002920260312832,"Gathering",0,"nonlinear",0.001,1000
"3",0.000414289246189518,0.000703941768509946,0.000122534395013494,0.000692764167270157,0.000135814325108879,0.000556949842161278,0.000581407373496452,"Gathering",1,"linear",0.005,1000
"4",0.000647474376318963,0.000915313981810533,0.000360322437021147,0.000941879866018056,0.000353068886619869,0.000588810979398187,0.000554991544789386,"Gathering",1,"nonlinear",0.001,1000
"5",0.000911943245041412,0.00105269731341606,0.000774488438192048,0.00105344646991233,0.000770440020170489,0.000283006449741846,0.000278208875224015,"Hunting",0,"linear",0.001,1000
"6",0.00117693416805677,0.00133346024664775,0.00102730776904226,0.00132689697965279,0.00102697135646076,0.000299925623192031,0.000306152477605489,"Hunting",0,"nonlinear",0.001,1000
"7",0.000119059355664819,0.000313860490401196,-9.43813044603318e-05,0.000326224713443562,-8.81060021139236e-05,0.000414330715557485,0.000408241794861527,"Hunting",1,"linear",0.299,1000
"8",0.000374366878204189,0.000593477326841265,0.000148442768507812,0.000606339186126986,0.000142394570281391,0.000463944615845595,0.000445034558333453,"Hunting",1,"nonlinear",0.002,1000
