"","m","upper","lower","norm_upper","norm_lower","w_norm_CI","w_new_CI","has_preview_condition","reread_condition","linear","new_p_val","n_sim"
"1",0.00094397149414623,0.00108177834843806,0.000803454662585494,0.00108018803180069,0.00080775495649177,0.000272433075308922,0.000278323685852567,"Gathering",0,"linear",0.001,1000
"2",0.00124304313198555,0.00139680925313963,0.00109363679536228,0.00138759457763133,0.00109849168633976,0.000289102891291565,0.000303172457777348,"Gathering",0,"nonlinear",0.001,1000
"3",0.000211293965131016,0.000453415150529263,-7.74692792429872e-05,0.000459415306390915,-3.68273761288833e-05,0.000496242682519799,0.00053088442977225,"Gathering",1,"linear",0.12,1000
"4",0.000588109404160141,0.000877992253709155,0.000326994214255525,0.000856904466181301,0.000319314342138982,0.000537590124042319,0.00055099803945363,"Gathering",1,"nonlinear",0.001,1000
"5",0.000648511328728806,0.000777695068693958,0.000510671499655201,0.000779773314096282,0.00051724934336133,0.000262523970734951,0.000267023569038757,"Hunting",0,"linear",0.001,1000
"6",0.00101775847726399,0.0011628608374895,0.000878542619320012,0.001160329691952,0.000875187262575974,0.000285142429376025,0.000284318218169493,"Hunting",0,"nonlinear",0.001,1000
"7",7.59668112681316e-05,0.000277363126116324,-0.000153114351922818,0.000287797754094825,-0.000135864131558562,0.000423661885653386,0.000430477478039142,"Hunting",1,"linear",0.482,1000
"8",0.000466222803103417,0.000713069654714483,0.000191397442493308,0.000719828767428937,0.000212616838777897,0.00050721192865104,0.000521672212221176,"Hunting",1,"nonlinear",0.001,1000
