"","m","upper","lower","norm_upper","norm_lower","w_norm_CI","w_new_CI","has_preview_condition","reread_condition","linear","new_p_val","n_sim"
"1",0.00130959038032927,0.001464467339999,0.00115642312029186,0.00145903579176636,0.00116014496889219,0.000298890822874169,0.000308044219707143,"Gathering",0,"linear",0.001,1000
"2",0.00160990588048725,0.00175187298449953,0.00146154800628999,0.00176496977478804,0.00145484198618646,0.000310127788601584,0.000290324978209542,"Gathering",0,"nonlinear",0.001,1000
"3",0.000463892227143601,0.000730321726652346,0.000190924435161144,0.000741063954831058,0.000186720499456143,0.000554343455374914,0.000539397291491202,"Gathering",1,"linear",0.001,1000
"4",0.000607149860080341,0.000898178848122371,0.000323648576230402,0.000895567030634339,0.000318732689526343,0.000576834341107996,0.000574530271891969,"Gathering",1,"nonlinear",0.001,1000
"5",0.00101894523574771,0.0011609360654478,0.000873499192058788,0.00116410576669913,0.000873784704796292,0.000290321061902839,0.000287436873389014,"Hunting",0,"linear",0.001,1000
"6",0.00122421052310873,0.00138185235540111,0.00107536812948287,0.00137526381143997,0.00107315723477749,0.000302106576662479,0.000306484225918242,"Hunting",0,"nonlinear",0.001,1000
"7",0.000153064185050553,0.000390032050603491,-7.35362647709556e-05,0.00038211331815389,-7.59849480527849e-05,0.000458098266206675,0.000463568315374446,"Hunting",1,"linear",0.202,1000
"8",0.000337642713867631,0.000588811993723362,9.53336784681172e-05,0.000582988254937866,9.22971727973963e-05,0.000490691082140469,0.000493478315255245,"Hunting",1,"nonlinear",0.008,1000
