"","m","upper","lower","norm_upper","norm_lower","w_norm_CI","w_new_CI","has_preview_condition","reread_condition","linear","new_p_val","n_sim"
"1",0.0011975223373797,0.00134247912612428,0.00104323075751164,0.00134759267575436,0.00104745199900503,0.000300140676749333,0.000299248368612648,"Gathering",0,"linear",0.001,1000
"2",0.00149686905184975,0.00164654458607927,0.00133841072784839,0.00165115326027057,0.00134258484342892,0.000308568416841648,0.000308133858230879,"Gathering",0,"nonlinear",0.001,1000
"3",0.000320275245968704,0.000601677384836154,4.96006098172183e-05,0.00060100837709333,3.95421148440794e-05,0.00056146626224925,0.000552076775018935,"Gathering",1,"linear",0.021,1000
"4",0.000836773303715049,0.00112564882308127,0.000527873464264031,0.00113896615442392,0.000534580453006181,0.000604385701417735,0.000597775358817238,"Gathering",1,"nonlinear",0.001,1000
"5",0.000870155166094983,0.00101169757739388,0.000723632435627219,0.00101281551436893,0.000727494817821037,0.000285320696547892,0.000288065141766662,"Hunting",0,"linear",0.001,1000
"6",0.00117989134329205,0.00131936716827758,0.00103484038061468,0.00132841136617843,0.00103137132040567,0.000297040045772754,0.000284526787662897,"Hunting",0,"nonlinear",0.001,1000
"7",0.000106416674462275,0.000313703367191055,-0.000112753454653707,0.000306353641572317,-9.35202926477669e-05,0.000399873934220084,0.000426456821844762,"Hunting",1,"linear",0.311,1000
"8",0.000431392625773144,0.00065358129275587,0.000201676422044484,0.000655402445745285,0.000207382805801002,0.000448019639944283,0.000451904870711386,"Hunting",1,"nonlinear",0.001,1000
