"","m","upper","lower","norm_upper","norm_lower","w_norm_CI","w_new_CI","has_preview_condition","reread_condition","linear","new_p_val","n_sim"
"1",0.000858276651207465,0.001003399873502,0.000710367747014103,0.000994242583583409,0.000722310718831522,0.000271931864751887,0.000293032126487896,"Gathering",0,"linear",0.001,1000
"2",0.00114288201314712,0.00130066460595743,0.00100302569745072,0.00128492273149099,0.00100084129480324,0.000284081436687752,0.000297638908506707,"Gathering",0,"nonlinear",0.001,1000
"3",0.000175002976588277,0.000423001221628177,-5.93194990118453e-05,0.000424015826743771,-7.40098735672175e-05,0.000498025700310988,0.000482320720640022,"Gathering",1,"linear",0.18,1000
"4",0.000584347606915638,0.000863168382207767,0.000321153165117101,0.000850796038159995,0.000317899175671281,0.000532896862488714,0.000542015217090666,"Gathering",1,"nonlinear",0.001,1000
"5",0.000575194066807119,0.000712108234248778,0.000440812562171326,0.000706733239525423,0.000443654894088815,0.000263078345436608,0.000271295672077452,"Hunting",0,"linear",0.001,1000
"6",0.000931778614214603,0.00106763961129339,0.000793978662098779,0.00107107204432605,0.000792485184103153,0.000278586860222901,0.000273660949194614,"Hunting",0,"nonlinear",0.001,1000
"7",6.16084657519594e-05,0.000253782000491931,-0.000132393396581095,0.000260034286855672,-0.000136817355351753,0.000396851642207424,0.000386175397073027,"Hunting",1,"linear",0.516,1000
"8",0.000185482898059857,0.000387911846078188,-3.08513964579653e-05,0.000402618697313568,-3.16529011938543e-05,0.000434271598507422,0.000418763242536153,"Hunting",1,"nonlinear",0.086,1000
