"","m","upper","lower","norm_upper","norm_lower","w_norm_CI","w_new_CI","has_preview_condition","reread_condition","linear","new_p_val","n_sim"
"1",0.00166475672587451,0.0018082212633331,0.0015058240914019,0.00181791748358798,0.00151159596816104,0.000306321515426947,0.000302397171931206,"Gathering",0,"linear",0.001,1000
"2",0.00180880425898594,0.00196740050824617,0.00164502021824098,0.0019664743130569,0.00165113420491498,0.00031534010814192,0.000322380290005188,"Gathering",0,"nonlinear",0.001,1000
"3",0.000903109883994105,0.00118832767610149,0.0006242731395311,0.00118136895476815,0.00062485081322006,0.00055651814154809,0.000564054536570389,"Gathering",1,"linear",0.001,1000
"4",0.000986898887571299,0.00126928277129765,0.000700269205964194,0.00127134069553985,0.000702457079602749,0.0005688836159371,0.000569013565333458,"Gathering",1,"nonlinear",0.001,1000
"5",0.00125940756743858,0.00140625231275688,0.00110392720903807,0.00141044152875738,0.00110837360611979,0.0003020679226376,0.000302325103718813,"Hunting",0,"linear",0.001,1000
"6",0.00150128762617463,0.00166505482301162,0.00134911637609019,0.0016577318741008,0.00134484337824846,0.00031288849585234,0.000315938446921427,"Hunting",0,"nonlinear",0.001,1000
"7",0.000368025983485833,0.000595138653663274,0.000149976925191316,0.000593988554226638,0.000142063412745027,0.000451925141481611,0.000445161728471958,"Hunting",1,"linear",0.001,1000
"8",0.000395812300483584,0.000633632654503958,0.000146881742294594,0.000642102566334529,0.000149522034632639,0.00049258053170189,0.000486750912209364,"Hunting",1,"nonlinear",0.002,1000
