"","m","upper","lower","norm_upper","norm_lower","w_norm_CI","w_new_CI","has_preview_condition","reread_condition","linear","new_p_val","n_sim"
"1",0.000886427377156977,0.00101984241418975,0.000750580450844173,0.00101992024405289,0.000752934510261066,0.000266985733791823,0.000269261963345581,"Gathering",0,"linear",0.001,1000
"2",0.0013376381530603,0.00146751742583059,0.00118419976148935,0.0014791498500856,0.001196126456035,0.000283023394050597,0.000283317664341244,"Gathering",0,"nonlinear",0.001,1000
"3",0.000256815289975197,0.000489739555466144,1.35838201768954e-05,0.000495414535705078,1.82160442453153e-05,0.000477198491459763,0.000476155735289249,"Gathering",1,"linear",0.03,1000
"4",0.000884776642953428,0.00114540624841732,0.000628926859455956,0.00114810924287696,0.000621444043029899,0.00052666519984706,0.000516479388961367,"Gathering",1,"nonlinear",0.001,1000
"5",0.000653402314291515,0.00078640357788823,0.000516826680453845,0.000783889097195246,0.000522915531387783,0.000260973565807463,0.000269576897434385,"Hunting",0,"linear",0.001,1000
"6",0.0010089649381161,0.0011608299645378,0.000859841958416831,0.00115172806087404,0.000866201815358166,0.00028552624551587,0.000300988006120966,"Hunting",0,"nonlinear",0.001,1000
"7",1.82939421199303e-05,0.000222005444627088,-0.000184789030037258,0.000222588928659458,-0.000186001044419597,0.000408589973079054,0.000406794474664346,"Hunting",1,"linear",0.83,1000
"8",0.000371881042383869,0.000602674512125745,0.000126139443474226,0.000603197236780345,0.000140564847987393,0.000462632388792952,0.000476535068651519,"Hunting",1,"nonlinear",0.004,1000
