"","m","upper","lower","norm_upper","norm_lower","w_norm_CI","w_new_CI","has_preview_condition","reread_condition","linear","new_p_val","n_sim"
"1",0.000843008876179126,0.000984906233281672,0.000700157635271756,0.000980431585642791,0.000705586166715461,0.00027484541892733,0.000284748598009915,"Gathering",0,"linear",0.001,1000
"2",0.00129809346539863,0.0014385885579111,0.00114978859629216,0.00144144501586995,0.00115474191492732,0.000286703100942625,0.000288799961618937,"Gathering",0,"nonlinear",0.001,1000
"3",0.000174858783829208,0.000440722264106612,-0.000105928580276896,0.000431022768360377,-8.13052007019604e-05,0.000512327969062338,0.000546650844383508,"Gathering",1,"linear",0.18,1000
"4",0.000762497914773438,0.00105748461771327,0.000477590807742906,0.00103739126303117,0.000487604566515705,0.000549786696515467,0.000579893809970367,"Gathering",1,"nonlinear",0.001,1000
"5",0.000562927499619003,0.000688419959670618,0.000431392341886039,0.000692659712157322,0.000433195287080683,0.00025946442507664,0.00025702761778458,"Hunting",0,"linear",0.001,1000
"6",0.000963609251821703,0.00110571352502555,0.000814755144268142,0.00110345094332835,0.000823767560315055,0.000279683383013295,0.000290958380757412,"Hunting",0,"nonlinear",0.001,1000
"7",4.88732234759358e-05,0.000269719407721893,-0.000156774987819008,0.000259920693100619,-0.000162174246148747,0.000422094939249366,0.000426494395540901,"Hunting",1,"linear",0.625,1000
"8",0.000325919557035501,0.000573082313980703,6.59101148938748e-05,0.00057568850758773,7.61506064832717e-05,0.000499537901104458,0.000507172199086828,"Hunting",1,"nonlinear",0.017,1000
