"","m","upper","lower","norm_upper","norm_lower","w_norm_CI","w_new_CI","has_preview_condition","reread_condition","linear","new_p_val","n_sim"
"1",0.000978238329060334,0.00111517743214076,0.000845989297251763,0.00111585607055589,0.000840620587564782,0.000275235482991105,0.000269188134888999,"Gathering",0,"linear",0.001,1000
"2",0.00139437298506196,0.00154080144054365,0.0012593298953631,0.00154107888654216,0.00124766708358177,0.000293411802960388,0.000281471545180549,"Gathering",0,"nonlinear",0.001,1000
"3",0.000616730042027539,0.000760451398024531,0.000473895255712186,0.000746657066973633,0.000486803017081445,0.000259854049892188,0.000286556142312346,"Hunting",0,"linear",0.001,1000
"4",0.000943095820735971,0.00108852970041943,0.000793503777464368,0.00108698292587412,0.000799208715597819,0.000287774210276304,0.000295025922955063,"Hunting",0,"nonlinear",0.001,1000
