"","m","upper","lower","norm_upper","norm_lower","w_norm_CI","w_new_CI","has_preview_condition","reread_condition","linear","new_p_val","n_sim"
"1",0.00094397149414623,0.00108111353706622,0.000797285619266654,0.00108018803180069,0.00080775495649177,0.000272433075308922,0.000283827917799562,"Gathering",0,"linear",0.001,1000
"2",0.00124304313198555,0.00139694727375978,0.00109273852236202,0.00138759457763133,0.00109849168633976,0.000289102891291565,0.000304208751397752,"Gathering",0,"nonlinear",0.001,1000
"3",0.000211293965131016,0.000452952883040821,-5.17746163939775e-05,0.000459415306390915,-3.68273761288833e-05,0.000496242682519799,0.000504727499434799,"Gathering",1,"linear",0.114,1000
"4",0.000588109404160141,0.000854505249269449,0.000319303929020557,0.000856904466181301,0.000319314342138982,0.000537590124042319,0.000535201320248892,"Gathering",1,"nonlinear",0.001,1000
"5",0.000648511328728806,0.000767528031026049,0.000519562728657756,0.000779773314096282,0.00051724934336133,0.000262523970734951,0.000247965302368292,"Hunting",0,"linear",0.001,1000
"6",0.00101775847726399,0.00117074328790482,0.000876357748469252,0.001160329691952,0.000875187262575974,0.000285142429376025,0.000294385539435567,"Hunting",0,"nonlinear",0.001,1000
"7",7.59668112681316e-05,0.000274435220183248,-0.000127376599205843,0.000287797754094825,-0.000135864131558562,0.000423661885653386,0.000401811819389091,"Hunting",1,"linear",0.525,1000
"8",0.000466222803103417,0.000695497848356469,0.000216037107824152,0.000719828767428937,0.000212616838777897,0.00050721192865104,0.000479460740532316,"Hunting",1,"nonlinear",0.001,1000
