"","m","upper","lower","norm_upper","norm_lower","w_norm_CI","w_new_CI","has_preview_condition","reread_condition","linear","new_p_val","n_sim"
"1",0.000125347080065262,0.000354377810689618,-0.000112074951562547,0.000357930893130849,-0.000107236733000324,0.000465167626131173,0.000466452762252165,"Gathering",1,"linear",0.309,1000
"2",0.000864813940328814,0.00112168256855805,0.00060434559794385,0.00113426154409696,0.000595366336560668,0.000538895207536291,0.000517336970614202,"Gathering",1,"nonlinear",0.001,1000
"3",1.55838842268746e-06,0.000202617098057236,-0.000177059150637557,0.000194613941333606,-0.000191497164488231,0.000386111105821837,0.000379676248694793,"Hunting",1,"linear",0.955,1000
"4",0.000479990712739329,0.00071502612260865,0.000224996318417935,0.000720885745560584,0.000239095679918075,0.00048179006564251,0.000490029804190715,"Hunting",1,"nonlinear",0.001,1000
