"","m","upper","lower","norm_upper","norm_lower","w_norm_CI","w_new_CI","has_preview_condition","reread_condition","linear","new_p_val","n_sim"
"1",0.000951436049549988,0.00108657342783708,0.000822590573294579,0.00108779807456406,0.00081507402453591,0.000272724050028154,0.000263982854542506,"Gathering",0,"linear",0.001,1000
"2",0.00132209842548219,0.00147857091480318,0.00118141803652677,0.00146598261052143,0.00117821424044295,0.000287768370078479,0.000297152878276416,"Gathering",0,"nonlinear",0.001,1000
"3",0.000783163871722747,0.000923355271731704,0.000643744588706304,0.000923831000202215,0.00064249674324328,0.000281334256958935,0.000279610683025399,"Hunting",0,"linear",0.001,1000
"4",0.00102824949116416,0.00118088566479859,0.000870487565030465,0.00118122183998234,0.000875277142345988,0.000305944697636352,0.000310398099768123,"Hunting",0,"nonlinear",0.001,1000
