"","m","upper","lower","norm_upper","norm_lower","w_norm_CI","w_new_CI","has_preview_condition","reread_condition","linear","new_p_val","n_sim"
"1",0.00023744094455343,0.000495715991680515,-7.70962989809761e-06,0.000495139243904838,-2.02573547979771e-05,0.000515396598702815,0.000503425621578612,"Gathering",1,"linear",0.058,1000
"2",0.000699880920255443,0.000956571728094147,0.00041197860929439,0.000983781188747357,0.000415980651763529,0.000567800536983829,0.000544593118799757,"Gathering",1,"nonlinear",0.001,1000
"3",9.33053130347416e-05,0.000336952724496902,-0.000114419143159002,0.000314615115732963,-0.00012800448966348,0.000442619605396444,0.000451371867655905,"Hunting",1,"linear",0.413,1000
"4",0.000314682100754332,0.000553622854197986,7.30253001145577e-05,0.000556009887378807,7.33543141298559e-05,0.000482655573248951,0.000480597554083428,"Hunting",1,"nonlinear",0.011,1000
