"","m","upper","lower","norm_upper","norm_lower","w_norm_CI","w_new_CI","has_preview_condition","reread_condition","linear","new_p_val","n_sim"
"1",0.000716756622392065,0.00084450830823058,0.000578496968634651,0.000848261451244466,0.000585251793539664,0.000263009657704801,0.000266011339595929,"Gathering",0,"linear",0.001,1000
"2",0.00124653379373943,0.00137638355371258,0.00110536607907173,0.00138354656513696,0.00110952102234189,0.000274025542795064,0.000271017474640846,"Gathering",0,"nonlinear",0.001,1000
"3",0.000636321866398209,0.000778555145405668,0.000482975582178353,0.000774934904499262,0.000497708828297157,0.000277226076202105,0.000295579563227315,"Hunting",0,"linear",0.001,1000
"4",0.00108182159715433,0.00121372477412584,0.000934550651311508,0.00122856928561829,0.000935073908690376,0.000293495376927916,0.000279174122814331,"Hunting",0,"nonlinear",0.001,1000
