"","m","upper","lower","norm_upper","norm_lower","w_norm_CI","w_new_CI","has_preview_condition","reread_condition","linear","new_p_val","n_sim"
"1",0.000107066595362871,0.000332638835848677,-0.000129506664452924,0.000339366916761685,-0.000125233726035943,0.000464600642797628,0.000462145500301602,"Gathering",1,"linear",0.343,1000
"2",0.000876323796262959,0.00114864653606296,0.000602096909559343,0.00114539484740005,0.000607252745125872,0.000538142102274175,0.000546549626503612,"Gathering",1,"nonlinear",0.001,1000
"3",1.84879934019432e-06,0.000194671092305423,-0.000194631205420831,0.000195533425429269,-0.000191835826748881,0.00038736925217815,0.000389302297726254,"Hunting",1,"linear",0.929,1000
"4",0.000454006533131324,0.000678023093717244,0.000213916065938709,0.000693945450508057,0.000214067615754592,0.000479877834753465,0.000464107027778535,"Hunting",1,"nonlinear",0.001,1000
