"","m","upper","lower","norm_upper","norm_lower","w_norm_CI","w_new_CI","has_preview_condition","reread_condition","linear","new_p_val","n_sim"
"1",0.000111511857661335,0.000156934137153124,6.66318635800192e-05,0.000158431694610633,6.45920207120379e-05,9.38396738985949e-05,9.0302273573105e-05,"Gathering",1,"linear",0.001,1000
"2",0.000180571260371128,0.000393294113963335,-1.28483033334758e-05,0.000385599633265297,-2.44571125230411e-05,0.000410056745788338,0.000406142417296811,"Gathering",1,"nonlinear",0.075,1000
"3",0.000104395211348024,0.0001788485696814,3.69064235573497e-05,0.000172940320343966,3.58501023520822e-05,0.000137090217991884,0.000141942146124051,"Hunting",1,"linear",0.004,1000
"4",4.50568696561852e-06,0.000141813648449994,-0.000136408591078746,0.000140092312037974,-0.000131080938106737,0.000271173250144711,0.000278222239528741,"Hunting",1,"nonlinear",0.939,1000
