"","m","upper","lower","norm_upper","norm_lower","w_norm_CI","w_new_CI","has_preview_condition","reread_condition","linear","new_p_val","n_sim"
"1",0.000700971742178004,0.000825680668619152,0.000570539847921669,0.000832716081760718,0.000569227402595291,0.000263488679165428,0.000255140820697483,"Gathering",0,"linear",0.001,1000
"2",0.00120303678466122,0.00132465267077074,0.00107115800573812,0.00134041036894139,0.00106566320038104,0.000274747168560347,0.000253494665032626,"Gathering",0,"nonlinear",0.001,1000
"3",1.66753864673792e-06,0.000218490589845351,-0.000216787867332974,0.000234932812722552,-0.000231597735429076,0.000466530548151628,0.000435278457178324,"Gathering",1,"linear",0.976,1000
"4",0.00100261629814906,0.00126845735339131,0.000762640963990082,0.00126302282938034,0.000742209766917775,0.000520813062462568,0.000505816389401224,"Gathering",1,"nonlinear",0.001,1000
"5",0.000520407955956904,0.000651495385420134,0.000385769395778322,0.000649179120681839,0.000391636791231968,0.000257542329449871,0.000265725989641813,"Hunting",0,"linear",0.001,1000
"6",0.000957476920586135,0.00110593380975934,0.00081883937786179,0.00109338767351988,0.000821566167652387,0.000271821505867496,0.00028709443189755,"Hunting",0,"nonlinear",0.001,1000
"7",1.69800648414399e-05,0.00019664452984319,-0.00016775556852708,0.000199893580078173,-0.000165933450395293,0.000365827030473466,0.00036440009837027,"Hunting",1,"linear",0.832,1000
"8",0.000373523130457267,0.000592476212218583,0.000152295354376159,0.000600753069894928,0.000146293191019606,0.000454459878875323,0.000440180857842424,"Hunting",1,"nonlinear",0.001,1000
