"","m","upper","lower","norm_upper","norm_lower","w_norm_CI","w_new_CI","has_preview_condition","reread_condition","linear","new_p_val","n_sim"
"1",0.000116238374954485,0.000144470629518295,8.74754950048011e-05,0.000144288725975591,8.81880239333786e-05,5.6100702042212e-05,5.69951345134942e-05,"Gathering",1,"linear",0.001,1000
"2",-0.000103075179044337,8.8008868709718e-05,-0.000297618028861911,9.93040563345589e-05,-0.000305454414423233,0.000404758470757792,0.000385626897571629,"Gathering",1,"nonlinear",0.309,1000
"3",0.000107336441746206,0.000166676774173839,4.92895981133955e-05,0.000168253940085147,4.6418943407265e-05,0.000121834996677882,0.000117387176060444,"Hunting",1,"linear",0.001,1000
"4",8.03516312841989e-05,0.000231404678193553,-7.16572601676179e-05,0.000235227030144954,-7.45237675765564e-05,0.000309750797721511,0.000303061938361171,"Hunting",1,"nonlinear",0.337,1000
