"","m","upper","lower","norm_upper","norm_lower","w_norm_CI","w_new_CI","has_preview_condition","reread_condition","linear","new_p_val","n_sim"
"1",0.000930268984211562,0.00106550671319965,0.000796946600259011,0.00106870241197546,0.000791835556447666,0.000276866855527792,0.000268560112940635,"Gathering",0,"linear",0.001,1000
"2",0.00130092447176961,0.00144781313420124,0.0011627310331242,0.00144522019654312,0.0011566287469961,0.000288591449547017,0.000285082101077039,"Gathering",0,"nonlinear",0.001,1000
"3",0.000774731804622852,0.000918082833092129,0.000640096577445858,0.000915736366282254,0.00063372724296345,0.000282009123318804,0.00027798625564627,"Hunting",0,"linear",0.001,1000
"4",0.00100822189593821,0.00116693925636736,0.000861466222896706,0.00116054747222014,0.000855896319656282,0.00030465115256386,0.000305473033470653,"Hunting",0,"nonlinear",0.001,1000
