"","m","upper","lower","norm_upper","norm_lower","w_norm_CI","w_new_CI","has_preview_condition","reread_condition","linear","new_p_val","n_sim"
"1",9.31972192516868e-05,0.000134321694635009,5.2165457621621e-05,0.000135915426360498,5.04790121428752e-05,8.54364142176232e-05,8.21562370133878e-05,"Gathering",1,"linear",0.001,1000
"2",-0.000214052854527645,-7.75128921490976e-06,-0.000424019998242624,-1.19526913877277e-05,-0.000416153017667562,0.000404200326279834,0.000416268709027714,"Gathering",1,"nonlinear",0.04,1000
"3",0.000249423059429278,0.000325692259000717,0.000176638934565235,0.000321717573098124,0.000177128545760431,0.000144589027337693,0.000149053324435482,"Hunting",1,"linear",0.001,1000
"4",0.000121855195608196,0.000305787690918659,-5.64020906141996e-05,0.000298994689646213,-5.52842984298221e-05,0.000354278988076035,0.000362189781532859,"Hunting",1,"nonlinear",0.166,1000
