"","m","upper","lower","norm_upper","norm_lower","w_norm_CI","w_new_CI","has_preview_condition","reread_condition","linear","new_p_val","n_sim"
"1",0.000959548962794489,0.00110002409563685,0.0008307505093048,0.00109758941926444,0.000821508506324542,0.000276080912939893,0.000269273586332052,"Gathering",0,"linear",0.001,1000
"2",0.00131650542859786,0.00146563733259452,0.00118260981310726,0.00146184548706939,0.00117116537012633,0.000290680116943054,0.000283027519487263,"Gathering",0,"nonlinear",0.001,1000
"3",0.000255868814579389,0.000518594726218097,6.28487754662335e-06,0.000502083135245527,9.65449391325074e-06,0.000492428641332276,0.000512309848671473,"Gathering",1,"linear",0.049,1000
"4",0.000580834095631631,0.000839976815510155,0.000316573401407711,0.000848759252732098,0.000312908938531164,0.000535850314200934,0.000523403414102444,"Gathering",1,"nonlinear",0.001,1000
"5",0.000651428470103139,0.000779763646615202,0.000518825349717801,0.000783211765918757,0.000519645174287521,0.000263566591631236,0.0002609382968974,"Hunting",0,"linear",0.001,1000
"6",0.00103284493000517,0.00117275285164826,0.000897442972705952,0.00117592014257987,0.00088976971743046,0.000286150425149415,0.000275309878942308,"Hunting",0,"nonlinear",0.001,1000
"7",7.04255087955021e-05,0.000278626850547506,-0.000148836443502141,0.000280200886310677,-0.000139349868719673,0.00041955075503035,0.000427463294049647,"Hunting",1,"linear",0.514,1000
"8",0.000475616100306952,0.000736055912898056,0.000215815324615913,0.000731327643776917,0.000219904556836987,0.000511423086939929,0.000520240588282143,"Hunting",1,"nonlinear",0.002,1000
