"","m","upper","lower","norm_upper","norm_lower","w_norm_CI","w_new_CI","has_preview_condition","reread_condition","linear","new_p_val","n_sim"
"1",6.18337423938394e-05,8.27316574798222e-05,3.81887356260194e-05,8.36851167933783e-05,3.99823679943005e-05,4.37027487990778e-05,4.45429218538028e-05,"Gathering",1,"linear",0.001,1000
"2",-0.000348632817794084,-0.000157942304961947,-0.000534698678489089,-0.000158690899534955,-0.000538574736053213,0.000379883836518257,0.000376756373527142,"Gathering",1,"nonlinear",0.002,1000
"3",8.56273653913526e-05,0.00011538689588602,5.42322152722469e-05,0.000115705952231035,5.55487785516701e-05,6.01571736793651e-05,6.11546806137736e-05,"Hunting",1,"linear",0.001,1000
"4",0.000101099868456648,0.000267563298036543,-6.91701472999127e-05,0.000268967474120037,-6.67677372067421e-05,0.000335735211326779,0.000336733445336456,"Hunting",1,"nonlinear",0.25,1000
