"","m","upper","lower","norm_upper","norm_lower","w_norm_CI","w_new_CI","has_preview_condition","reread_condition","linear","new_p_val","n_sim"
"1",0.00092140955222286,0.00104563508112436,0.000782688554289478,0.00105726876560748,0.00078555033883824,0.000271718426769241,0.000262946526834885,"Gathering",0,"linear",0.001,1000
"2",0.00129852246948797,0.00144182805073416,0.00114411969690936,0.00144062623152013,0.00115641870745581,0.000284207524064322,0.000297708353824803,"Gathering",0,"nonlinear",0.001,1000
"3",0.000755258814900807,0.000902186056615358,0.000611857677353842,0.000896211079717511,0.000614306550084103,0.000281904529633408,0.000290328379261515,"Hunting",0,"linear",0.001,1000
"4",0.00109684488439872,0.00125228080675601,0.000945310213314938,0.00124688824043551,0.000946801528361936,0.000300086712073572,0.000306970593441069,"Hunting",0,"nonlinear",0.001,1000
