"","m","upper","lower","norm_upper","norm_lower","w_norm_CI","w_new_CI","has_preview_condition","reread_condition","linear","new_p_val","n_sim"
"1",2.87270002610025e-05,0.000219874743882724,-0.000179974674443239,0.000238958273031382,-0.000181504272509377,0.00042046254554076,0.000399849418325963,"Gathering",1,"linear",0.839,1000
"2",0.000643044590990604,0.000906720558073833,0.000384694227846952,0.000890732752942298,0.00039535642903891,0.000495376323903388,0.000522026330226881,"Gathering",1,"nonlinear",0.001,1000
"3",-0.000128363573598175,5.92570145186597e-05,-0.000307442234726584,4.75792129634919e-05,-0.000304306360159842,0.000351885573123334,0.000366699249245244,"Hunting",1,"linear",0.157,1000
"4",0.00031688518500228,0.000545196201670052,9.45513218446057e-05,0.000546001918534605,8.7768451469955e-05,0.00045823346706465,0.000450644879825446,"Hunting",1,"nonlinear",0.007,1000
