"","m","upper","lower","norm_upper","norm_lower","w_norm_CI","w_new_CI","has_preview_condition","reread_condition","linear","new_p_val","n_sim"
"1",0.000791242733936275,0.000924880689418411,0.000648681997711055,0.000920200651962659,0.000662284815909891,0.000257915836052768,0.000276198691707356,"Gathering",0,"linear",0.001,1000
"2",0.0012332980754162,0.0013706573538766,0.00110021473183225,0.0013723788351598,0.0010942173156726,0.000278161519487197,0.000270442622044344,"Gathering",0,"nonlinear",0.001,1000
"3",0.000568004105601258,0.000683322397323784,0.000452024212651235,0.000689757722569692,0.000446250488632825,0.000243507233936868,0.000231298184672549,"Hunting",0,"linear",0.001,1000
"4",0.000958020755534783,0.00109768789281697,0.000819353209202903,0.0010953863107175,0.00082065520035207,0.000274731110365426,0.000278334683614069,"Hunting",0,"nonlinear",0.001,1000
