"","m","upper","lower","norm_upper","norm_lower","w_norm_CI","w_new_CI","has_preview_condition","reread_condition","linear","new_p_val","n_sim"
"1",0.000873533774568371,0.00100903265813354,0.000731249111646894,0.00101011686465856,0.000736950684478179,0.000273166180180383,0.000277783546486642,"Gathering",0,"linear",0.001,1000
"2",0.00125773043569342,0.00139307845455885,0.00112025848977601,0.00140015032594357,0.00111531054544327,0.000284839780500303,0.000272819964782845,"Gathering",0,"nonlinear",0.001,1000
"3",0.000746081751126143,0.000889062845683731,0.000600162700680378,0.000886282207001063,0.000605881295251223,0.00028040091174984,0.000288900145003354,"Hunting",0,"linear",0.001,1000
"4",0.0010551073974278,0.00120893170794369,0.000916159955816044,0.00120436931503131,0.000905845479824289,0.000298523835207024,0.000292771752127648,"Hunting",0,"nonlinear",0.001,1000
