"","m","upper","lower","norm_upper","norm_lower","w_norm_CI","w_new_CI","has_preview_condition","reread_condition","linear","new_p_val","n_sim"
"1",0.000101639524618223,0.000138780746864143,6.48921552003117e-05,0.000138922995348431,6.4356053888016e-05,7.45669414604148e-05,7.38885916638315e-05,"Gathering",1,"linear",0.001,1000
"2",0.000191501573306665,0.000366572916309497,2.31217636363038e-05,0.00036189436893067,2.11087776826604e-05,0.00034078559124801,0.000343451152673193,"Gathering",1,"nonlinear",0.03,1000
"3",-9.52377473870323e-05,-5.96825497620253e-05,-0.000131573920426311,-5.910710051643e-05,-0.000131368394257635,7.22612937412045e-05,7.18913706642855e-05,"Hunting",1,"linear",0.001,1000
"4",-0.00017517418037787,-1.04564535898404e-05,-0.000332691414928762,-2.00425268898475e-05,-0.000330305833865892,0.000310263306976045,0.000322234961338921,"Hunting",1,"nonlinear",0.034,1000
