"","m","upper","lower","norm_upper","norm_lower","w_norm_CI","w_new_CI","has_preview_condition","reread_condition","linear","new_p_val","n_sim"
"1",0.000849279620449367,0.000981222043114818,0.0007124519880425,0.000982310327503091,0.000716248913395644,0.000266061414107447,0.000268770055072318,"Gathering",0,"linear",0.001,1000
"2",0.00126824896250742,0.00141645905240247,0.00112235046496987,0.0014109311851111,0.00112556673990374,0.000285364445207356,0.000294108587432604,"Gathering",0,"nonlinear",0.001,1000
"3",0.000539436837874875,0.000676353551447371,0.000408596664760606,0.000667828404640475,0.000411045271109275,0.000256783133531201,0.000267756886686766,"Hunting",0,"linear",0.001,1000
"4",0.00101289680165212,0.00115781097870336,0.00087215912296107,0.00115526250223861,0.000870531101065624,0.000284731401172983,0.000285651855742288,"Hunting",0,"nonlinear",0.001,1000
