"","m","upper","lower","norm_upper","norm_lower","w_norm_CI","w_new_CI","has_preview_condition","reread_condition","linear","new_p_val","n_sim"
"1",0.000931686524993506,0.0010551870519722,0.000799767318309369,0.00106359939499277,0.000799773654994246,0.00026382573999852,0.000255419733662826,"Gathering",0,"linear",0.001,1000
"2",0.00137914667840367,0.00152418086011557,0.00122809640784339,0.00152378978035456,0.00123450357645278,0.000289286203901774,0.000296084452272179,"Gathering",0,"nonlinear",0.001,1000
"3",0.000639599344966202,0.000763247005667177,0.000508737312523694,0.000763028484597929,0.000516170205334474,0.000246858279263455,0.000254509693143483,"Hunting",0,"linear",0.001,1000
"4",0.0010218177026987,0.00116971971752448,0.000868713751876381,0.0011672977384474,0.000876337666950005,0.000290960071497395,0.000301005965648097,"Hunting",0,"nonlinear",0.001,1000
