"","m","upper","lower","norm_upper","norm_lower","w_norm_CI","w_new_CI","has_preview_condition","reread_condition","linear","new_p_val","n_sim"
"1",0.00021352852629358,0.000441733438111995,-5.20793033209369e-05,0.000461324083339145,-3.42670307519842e-05,0.000495591114091129,0.000493812741432932,"Gathering",1,"linear",0.096,1000
"2",0.000641330858787778,0.000913544659120969,0.000382662596633392,0.000916527362442665,0.000366134355132891,0.000550393007309774,0.000530882062487577,"Gathering",1,"nonlinear",0.001,1000
"3",4.42790396455311e-05,0.000230988841687863,-0.000176357862955931,0.000247158445005864,-0.000158600365714802,0.000405758810720665,0.000407346704643794,"Hunting",1,"linear",0.69,1000
"4",0.000453138084266836,0.000709750509269889,0.000195817657392018,0.000709166966396092,0.000197109202137581,0.000512057764258511,0.000513932851877872,"Hunting",1,"nonlinear",0.001,1000
