"","m","upper","lower","norm_upper","norm_lower","w_norm_CI","w_new_CI","has_preview_condition","reread_condition","linear","new_p_val","n_sim"
"1",9.87160127282113e-05,0.000124761229591983,7.17600193892615e-05,0.00012514130794821,7.22907175082121e-05,5.28505904399984e-05,5.30012102027218e-05,"Gathering",1,"linear",0.001,1000
"2",0.000197903354131475,0.000386654496675554,2.66896382731093e-05,0.000384503213862985,1.13034943999653e-05,0.000373199719463019,0.000359964858402444,"Gathering",1,"nonlinear",0.031,1000
"3",0.000116153646483359,0.00015557269349702,7.36371468037924e-05,0.000157545932474338,7.47613604923807e-05,8.27845719819573e-05,8.19355466932274e-05,"Hunting",1,"linear",0.001,1000
"4",1.27918945107516e-05,0.000139182659938776,-0.000101001866726346,0.000128809598334689,-0.000103225809313186,0.000232035407647875,0.000240184526665122,"Hunting",1,"nonlinear",0.807,1000
