"","m","upper","lower","norm_upper","norm_lower","w_norm_CI","w_new_CI","has_preview_condition","reread_condition","linear","new_p_val","n_sim"
"1",0.000206496532990896,0.000450391321820553,-3.94643904608818e-05,0.000451621262556224,-3.86281965744331e-05,0.000490249459130657,0.000489855712281435,"Gathering",1,"linear",0.101,1000
"2",0.000612115142208533,0.000886942612864158,0.000341481901740426,0.000882802843324545,0.000341427441092522,0.000541375402232023,0.000545460711123732,"Gathering",1,"nonlinear",0.001,1000
"3",6.22661038659887e-05,0.000303579580582008,-0.000153525674954384,0.000275337523598936,-0.000150805315866958,0.000426142839465894,0.000457105255536392,"Hunting",1,"linear",0.546,1000
"4",0.000582603272998778,0.000851506385440661,0.000323069742798382,0.000850100877410575,0.000315105668586982,0.000534995208823593,0.000528436642642279,"Hunting",1,"nonlinear",0.001,1000
