"","m","upper","lower","norm_upper","norm_lower","w_norm_CI","w_new_CI","has_preview_condition","reread_condition","linear","new_p_val","n_sim"
"1",0.000222651834886729,0.000466149662078123,-2.83350549028304e-05,0.000472932867430976,-2.76291976575173e-05,0.000500562065088493,0.000494484716980954,"Gathering",1,"linear",0.09,1000
"2",0.000693287760986534,0.000960999662960018,0.000396061184782934,0.000973913839301507,0.000412661682671562,0.000561252156629945,0.000564938478177084,"Gathering",1,"nonlinear",0.001,1000
"3",0.000107422074943697,0.000337153807097401,-0.000116966045729119,0.000325795870551653,-0.000110951720664259,0.000436747591215912,0.00045411985282652,"Hunting",1,"linear",0.335,1000
"4",0.000293913723264219,0.000549033757342895,5.15212996511283e-05,0.000532295903769587,5.55315427588519e-05,0.000476764361010735,0.000497512457691767,"Hunting",1,"nonlinear",0.021,1000
