"","m","upper","lower","norm_upper","norm_lower","w_norm_CI","w_new_CI","has_preview_condition","reread_condition","linear","new_p_val","n_sim"
"1",8.53551332707949e-05,0.000112949982477594,5.82380499544715e-05,0.000112701994185648,5.80082723559421e-05,5.46937218297055e-05,5.47119325231229e-05,"Gathering",1,"linear",0.001,1000
"2",0.000758890541979301,0.000966373116352195,0.000549206619840721,0.000972629217276526,0.000545151866682076,0.00042747735059445,0.000417166496511474,"Gathering",1,"nonlinear",0.001,1000
"3",0.00010677045473777,0.000149562122328235,6.16649737580156e-05,0.000149258811882378,6.42820975931629e-05,8.49767142892152e-05,8.78971485702192e-05,"Hunting",1,"linear",0.001,1000
"4",5.76167918703293e-05,0.000130643266149624,-1.86145733293795e-05,0.000132994223387408,-1.77606396467495e-05,0.000150754863034157,0.000149257839479003,"Hunting",1,"nonlinear",0.141,1000
