"","m","upper","lower","norm_upper","norm_lower","w_norm_CI","w_new_CI","has_preview_condition","reread_condition","linear","new_p_val","n_sim"
"1",0.000754466839533779,0.000903229583412487,0.000622063497532166,0.000887931883390961,0.000621001795676598,0.000266930087714364,0.000281166085880321,"Gathering",0,"linear",0.001,1000
"2",0.00125759442302543,0.0013841052370288,0.00111534059784481,0.00139781207612567,0.00111737676992518,0.00028043530620049,0.000268764639183989,"Gathering",0,"nonlinear",0.001,1000
"3",6.70850753636617e-05,0.00029210061631753,-0.000141954814617958,0.000290080597912476,-0.000155910447185152,0.000445991045097628,0.000434055430935488,"Gathering",1,"linear",0.519,1000
"4",0.000995308533402544,0.0012624629804841,0.000709027067591577,0.0012586224167298,0.000731994650075284,0.000526627766654519,0.000553435912892519,"Gathering",1,"nonlinear",0.001,1000
"5",0.000542314889495199,0.000662930276910226,0.000409132150911982,0.000670399188753886,0.000414230590236513,0.000256168598517373,0.000253798125998244,"Hunting",0,"linear",0.001,1000
"6",0.00107031638629297,0.00122553238609733,0.000937776122302103,0.00120853070546752,0.000932102067118419,0.000276428638349101,0.000287756263795231,"Hunting",0,"nonlinear",0.001,1000
"7",5.35125872231411e-05,0.000225571237651339,-0.000124357102192298,0.000219759081080403,-0.000112733906634121,0.000332492987714523,0.000349928339843637,"Hunting",1,"linear",0.562,1000
"8",0.000462010208463461,0.000688033281799074,0.000226328180450487,0.000690386096970468,0.000233634319956453,0.000456751777014015,0.000461705101348587,"Hunting",1,"nonlinear",0.001,1000
