"","m","upper","lower","norm_upper","norm_lower","w_norm_CI","w_new_CI","has_preview_condition","reread_condition","linear","new_p_val","n_sim"
"1",0.000223307722024792,0.000421480229596808,1.84017095164578e-05,0.000444690668544732,1.92477550485162e-06,0.000442765893039881,0.00040307852008035,"Gathering",1,"linear",0.034,1000
"2",0.000683505128484538,0.000961690504244183,0.000431341973639953,0.000940587817469424,0.000426422439499653,0.000514165377969771,0.000530348530604231,"Gathering",1,"nonlinear",0.001,1000
"3",-4.17979616707016e-05,0.000147091011892889,-0.000238876006264384,0.000145694429796832,-0.000229290353138235,0.000374984782935067,0.000385967018157273,"Hunting",1,"linear",0.621,1000
"4",0.000208547652411602,0.000423060791733533,-3.89185300370106e-05,0.00043626677362427,-1.91714688010647e-05,0.000455438242425334,0.000461979321770544,"Hunting",1,"nonlinear",0.073,1000
