"","m","upper","lower","norm_upper","norm_lower","w_norm_CI","w_new_CI","has_preview_condition","reread_condition","linear","new_p_val","n_sim"
"1",0.00083664746589557,0.000967667584007904,0.000698103393418073,0.000971798572133406,0.000701496359657734,0.000270302212475672,0.000269564190589831,"Gathering",0,"linear",0.001,1000
"2",0.00138321453421319,0.00154432903756404,0.00125023440100631,0.00152490423274902,0.00124152483567736,0.00028337939707166,0.000294094636557723,"Gathering",0,"nonlinear",0.001,1000
"3",0.000121676397389341,0.000363648955226679,-0.000125650324975377,0.000365739895738995,-0.000122387100960313,0.000488126996699308,0.000489299280202056,"Gathering",1,"linear",0.328,1000
"4",0.000751617409127885,0.00102321715724808,0.000488552578183801,0.00102130962654648,0.000481925191709294,0.000539384434837182,0.00053466457906428,"Gathering",1,"nonlinear",0.001,1000
"5",0.000455006150120954,0.00057546871620272,0.000330869219935939,0.000581308358182481,0.000328703942059427,0.000252604416123053,0.000244599496266781,"Hunting",0,"linear",0.001,1000
"6",0.000949401853649871,0.00108800757695432,0.000802470255945964,0.00108783847582897,0.000810965231470776,0.00027687324435819,0.000285537321008351,"Hunting",0,"nonlinear",0.001,1000
"7",1.6426824977307e-05,0.000179876082729932,-0.000173596836219799,0.000194532650429776,-0.000161679000475162,0.000356211650904938,0.000353472918949731,"Hunting",1,"linear",0.856,1000
"8",0.000450179189076512,0.000693768891905642,0.000221600966093356,0.000690565754886794,0.00020979262326623,0.000480773131620564,0.000472167925812286,"Hunting",1,"nonlinear",0.002,1000
