"","m","upper","lower","norm_upper","norm_lower","w_norm_CI","w_new_CI","has_preview_condition","reread_condition","linear","new_p_val","n_sim"
"1",0.000128355382552077,0.000173354244531127,8.3214468646469e-05,0.00017597543733902,8.07353277651348e-05,9.52401095738848e-05,9.01397758846582e-05,"Gathering",1,"linear",0.001,1000
"2",0.000442475744325474,0.000671018274270026,0.0002176970828958,0.000661379920759916,0.000223571567891032,0.000437808352868884,0.000453321191374226,"Gathering",1,"nonlinear",0.001,1000
"3",0.00013670380609263,0.000209809165713959,6.64379195707483e-05,0.000206225107721968,6.71825044632922e-05,0.000139042603258675,0.000143371246143211,"Hunting",1,"linear",0.001,1000
"4",-0.000116586763501256,3.87029345169282e-05,-0.000283113522460654,4.57892028335183e-05,-0.00027896272983603,0.000324751932669549,0.000321816456977582,"Hunting",1,"nonlinear",0.14,1000
