"","m","upper","lower","norm_upper","norm_lower","w_norm_CI","w_new_CI","has_preview_condition","reread_condition","linear","new_p_val","n_sim"
"1",0.000712851311457023,0.000841992910824505,0.00058266783179181,0.000838034583547864,0.000587668039366183,0.000250366544181681,0.000259325079032695,"Gathering",0,"linear",0.001,1000
"2",0.00096990544594218,0.00109789141927843,0.000840523993632098,0.00110416930303756,0.000835641588846804,0.000268527714190753,0.000257367425646336,"Gathering",0,"nonlinear",0.001,1000
"3",0.000116939793571061,0.000335450495382802,-0.000101471346406396,0.000334245424669394,-0.000100365837527271,0.000434611262196664,0.000436921841789198,"Gathering",1,"linear",0.286,1000
"4",0.000575789672197439,0.000815134044301357,0.000317287176925927,0.000825078009354974,0.000326501335039903,0.000498576674315071,0.00049784686737543,"Gathering",1,"nonlinear",0.001,1000
"5",0.000496516292439872,0.0006147981862274,0.000376032877028524,0.000617027972161929,0.000376004612717815,0.000241023359444114,0.000238765309198876,"Hunting",0,"linear",0.001,1000
"6",0.000754636179586166,0.000886485883790158,0.000628101492206314,0.000889132439066248,0.000620139920106083,0.000268992518960165,0.000258384391583844,"Hunting",0,"nonlinear",0.001,1000
"7",-7.73117372577553e-05,0.000110647008656139,-0.000255997326145405,0.000102461180067512,-0.000257084654583022,0.000359545834650534,0.000366644334801545,"Hunting",1,"linear",0.43,1000
"8",0.000215531850553043,0.000431297572235517,-2.93885610412878e-06,0.000438900964963914,-7.8372638578285e-06,0.000446738228821742,0.000434236428339646,"Hunting",1,"nonlinear",0.059,1000
