"","m","upper","lower","norm_upper","norm_lower","w_norm_CI","w_new_CI","has_preview_condition","reread_condition","linear","new_p_val","n_sim"
"1",0.00072190051179094,0.000844880598644667,0.000594903149772813,0.000854273253393384,0.000589527770188496,0.000264745483204889,0.000249977448871854,"Gathering",0,"linear",0.001,1000
"2",0.00123977555138984,0.00137749779628985,0.00110428485879882,0.00137699119016807,0.00110255991261161,0.000274431277556453,0.000273212937491026,"Gathering",0,"nonlinear",0.001,1000
"3",0.000571900111909254,0.00071908705842717,0.000436716355096106,0.000706236518027524,0.000437563705790983,0.000268672812236541,0.000282370703331064,"Hunting",0,"linear",0.001,1000
"4",0.00105903180346466,0.00120734863354744,0.000909355145809654,0.00120389400584469,0.000914169601084627,0.000289724404760065,0.000297993487737781,"Hunting",0,"nonlinear",0.001,1000
