"","m","upper","lower","norm_upper","norm_lower","w_norm_CI","w_new_CI","has_preview_condition","reread_condition","linear","new_p_val","n_sim"
"1",0.000894750514729353,0.00103229464785758,0.000763908808960011,0.00102384276267224,0.000765658266786462,0.000258184495885781,0.000268385838897567,"Gathering",0,"linear",0.001,1000
"2",0.00134869837274462,0.00149206750354767,0.00120424500171168,0.00149141281340951,0.00120598393207974,0.000285428881329776,0.000287822501835992,"Gathering",0,"nonlinear",0.001,1000
"3",0.000161713748488138,0.000384539976480319,-6.45602113641754e-05,0.0003862529589979,-6.28254620216236e-05,0.000449078421019523,0.000449100187844494,"Gathering",1,"linear",0.154,1000
"4",0.000731562726255221,0.000994854929238694,0.00046897900287811,0.000995794294594247,0.000467331157916194,0.000528463136678053,0.000525875926360584,"Gathering",1,"nonlinear",0.001,1000
"5",0.000548291504123865,0.000682863744922432,0.000426988176945976,0.000670122020499944,0.000426460987747787,0.000243661032752157,0.000255875567976456,"Hunting",0,"linear",0.001,1000
"6",0.00106114651157845,0.00120470469697896,0.000914130974065996,0.0012041650633697,0.000918127959787201,0.000286037103582497,0.000290573722912969,"Hunting",0,"nonlinear",0.001,1000
"7",7.20181219081096e-05,0.000260320193229541,-0.000102300898851483,0.000256271830908051,-0.000112235587091832,0.000368507417999883,0.000362621092081024,"Hunting",1,"linear",0.451,1000
"8",0.000547784161687609,0.000803777432032243,0.000304343472044141,0.000806188895530721,0.000289379427844496,0.000516809467686225,0.000499433959988102,"Hunting",1,"nonlinear",0.001,1000
