"","m","upper","lower","norm_upper","norm_lower","w_norm_CI","w_new_CI","has_preview_condition","reread_condition","linear","new_p_val","n_sim"
"1",0.000756165691446321,0.000877681308935133,0.000627948597412667,0.000885781796151916,0.000626549586740726,0.000259232209411189,0.000249732711522466,"Gathering",0,"linear",0.001,1000
"2",0.00109310479734875,0.00123186469710468,0.000958742244480286,0.00122944479390348,0.000956764800794016,0.000272679993109468,0.000273122452624391,"Gathering",0,"nonlinear",0.001,1000
"3",0.000612333929634687,0.00074879517897044,0.000478488098756658,0.00075073116655957,0.000473936692709804,0.000276794473849766,0.000270307080213782,"Hunting",0,"linear",0.001,1000
"4",0.00105917467685904,0.00120611138322887,0.000920289405839655,0.00120542540053407,0.00091292395318401,0.00029250144735006,0.00028582197738922,"Hunting",0,"nonlinear",0.001,1000
