"","m","upper","lower","norm_upper","norm_lower","w_norm_CI","w_new_CI","has_preview_condition","reread_condition","linear","new_p_val","n_sim"
"1",0.000133649239220798,0.000178919653305284,8.84494441195741e-05,0.000177455347157627,8.98431312839699e-05,8.76122158736569e-05,9.04702091857098e-05,"Gathering",1,"linear",0.001,1000
"2",-0.000171037951777722,1.37951958131537e-05,-0.000355534535390749,1.48076569437689e-05,-0.000356883560499213,0.000371691217442982,0.000369329731203903,"Gathering",1,"nonlinear",0.072,1000
"3",0.000175481566843221,0.00023853025751298,0.000113972507087624,0.000238313237604641,0.000112649896081802,0.000125663341522839,0.000124557750425356,"Hunting",1,"linear",0.001,1000
"4",0.000129184066079311,0.000303365317142649,-5.63440677637068e-05,0.00031119607386148,-5.28279417028578e-05,0.000364024015564338,0.000359709384906356,"Hunting",1,"nonlinear",0.18,1000
