"","m","upper","lower","norm_upper","norm_lower","w_norm_CI","w_new_CI","has_preview_condition","reread_condition","linear","new_p_val","n_sim"
"1",0.000334707932316958,0.000593406330610806,9.71304960887165e-05,0.000594500833482098,7.49150311518178e-05,0.000519585802330281,0.000496275834522089,"Gathering",1,"linear",0.016,1000
"2",0.0007711678954248,0.0010362472329369,0.000495315937460129,0.00105227167182911,0.000490064119020486,0.000562207552808626,0.000540931295476774,"Gathering",1,"nonlinear",0.001,1000
"3",2.93657427856192e-05,0.000238813188304965,-0.000170678097600878,0.000228949614320589,-0.000170218128749351,0.00039916774306994,0.000409491285905842,"Hunting",1,"linear",0.762,1000
"4",0.000438303016472198,0.000721369340377401,0.000198199171930353,0.000683150187812778,0.000193455845131617,0.000489694342681162,0.000523170168447047,"Hunting",1,"nonlinear",0.001,1000
