"","m","upper","lower","norm_upper","norm_lower","w_norm_CI","w_new_CI","has_preview_condition","reread_condition","linear","new_p_val","n_sim"
"1",0.000683214367223469,0.000808998420389855,0.000561603369684666,0.000805195543951602,0.000561233190495337,0.000243962353456264,0.000247395050705189,"Gathering",0,"linear",0.001,1000
"2",0.0010566886731164,0.00118244898526443,0.000919828871892455,0.00119159158331861,0.000921785762914185,0.000269805820404427,0.000262620113371974,"Gathering",0,"nonlinear",0.001,1000
"3",3.84653179354738e-05,0.000260956406395422,-0.000183444484236525,0.000251988792420572,-0.000175058156549624,0.000427046948970196,0.000444400890631947,"Gathering",1,"linear",0.733,1000
"4",0.000636514439047852,0.000882110354447035,0.000374202917644842,0.000895051087134164,0.000377977790961541,0.000517073296172623,0.000507907436802193,"Gathering",1,"nonlinear",0.001,1000
"5",0.000378512362793921,0.0004898121967971,0.000257010106051679,0.000490657344488136,0.000266367381099706,0.00022428996338843,0.00023280209074542,"Hunting",0,"linear",0.001,1000
"6",0.000741053474827064,0.000874998447959595,0.00061126052089882,0.000875628063371025,0.000606478886283103,0.000269149177087922,0.000263737927060775,"Hunting",0,"nonlinear",0.001,1000
"7",-0.000123757896526129,4.67870615754634e-05,-0.000284207344026291,4.8237241695513e-05,-0.000295753034747772,0.000343990276443285,0.000330994405601755,"Hunting",1,"linear",0.161,1000
"8",0.000180068238685304,0.000420207038043756,-4.30389796950821e-05,0.0004134061862508,-5.32697088801921e-05,0.000466675895130992,0.000463246017738839,"Hunting",1,"nonlinear",0.118,1000
