"","m","upper","lower","norm_upper","norm_lower","w_norm_CI","w_new_CI","has_preview_condition","reread_condition","linear","new_p_val","n_sim"
"1",7.24680857992086e-05,0.000268290694517093,-0.000133469227111521,0.000262982425994995,-0.000118046254396578,0.000381028680391574,0.000401759921628614,"Gathering",1,"linear",0.421,1000
"2",0.000733502567391705,0.000971427487581564,0.000471257022492798,0.000981278168811377,0.000485726965972033,0.000495551202839344,0.000500170465088765,"Gathering",1,"nonlinear",0.001,1000
"3",-7.63563193404504e-05,9.20377257921885e-05,-0.000233729715390587,8.39811096773155e-05,-0.000236693748358216,0.000320674858035532,0.000325767441182776,"Hunting",1,"linear",0.365,1000
"4",0.00010419250101019,0.000337562907555331,-0.00011949341917187,0.000332744075924082,-0.000124359073903701,0.000457103149827783,0.000457056326727201,"Hunting",1,"nonlinear",0.364,1000
