"","m","upper","lower","norm_upper","norm_lower","w_norm_CI","w_new_CI","has_preview_condition","reread_condition","linear","new_p_val","n_sim"
"1",0.000711964696088638,0.000845058896439302,0.000577435149032973,0.000843002635475594,0.000580926756701683,0.000262075878773911,0.000267623747406329,"Gathering",0,"linear",0.001,1000
"2",0.00119119695495967,0.00132847954864549,0.00106126295930338,0.0013288697699842,0.00105352413993514,0.00027534563004906,0.000267216589342111,"Gathering",0,"nonlinear",0.001,1000
"3",0.000579326580042673,0.000711705966219522,0.000461463902973593,0.00070775896905871,0.000450894191026635,0.000256864778032074,0.000250242063245928,"Hunting",0,"linear",0.001,1000
"4",0.000989669632913452,0.00112057803575469,0.000854912015129387,0.00112627426811114,0.000853064997715762,0.000273209270395381,0.000265666020625299,"Hunting",0,"nonlinear",0.001,1000
