"","m","upper","lower","norm_upper","norm_lower","w_norm_CI","w_new_CI","has_preview_condition","reread_condition","linear","new_p_val","n_sim"
"1",0.000175874999290721,0.000388217784541647,-4.5740037920501e-05,0.000390535787530789,-3.87857889493475e-05,0.000429321576480136,0.000433957822462148,"Gathering",1,"linear",0.122,1000
"2",0.000780519226522834,0.00104904546046303,0.000538310938207451,0.00102899057644719,0.000532047876598473,0.000496942699848721,0.000510734522255579,"Gathering",1,"nonlinear",0.001,1000
"3",6.95236835833839e-06,0.00017544826456707,-0.000165727124344292,0.00017389195784897,-0.000159987221132293,0.000333879178981263,0.000341175388911362,"Hunting",1,"linear",0.905,1000
"4",0.000524870426678839,0.00076163614015755,0.000310843105405823,0.000764558569429312,0.000285182283928366,0.000479376285500946,0.000450793034751727,"Hunting",1,"nonlinear",0.001,1000
