"","m","upper","lower","norm_upper","norm_lower","w_norm_CI","w_new_CI","has_preview_condition","reread_condition","linear","new_p_val","n_sim"
"1",0.000906181534062001,0.00103195456525733,0.000766493667186165,0.00103784816936301,0.000774514898760994,0.000263333270602014,0.000265460898071162,"Gathering",0,"linear",0.001,1000
"2",0.00139372723089298,0.00153898802215134,0.00125103665522383,0.00153673641141796,0.00125071805036801,0.000286018361049943,0.00028795136692751,"Gathering",0,"nonlinear",0.001,1000
"3",0.000589413548832216,0.000711986587658325,0.000470635028439032,0.000714247272915457,0.000464579824748974,0.000249667448166483,0.000241351559219293,"Hunting",0,"linear",0.001,1000
"4",0.0010941935970983,0.00124857732357312,0.000949157346156773,0.00123700794625161,0.000951379247944983,0.000285628698306629,0.000299419977416345,"Hunting",0,"nonlinear",0.001,1000
