"","m","upper","lower","norm_upper","norm_lower","w_norm_CI","w_new_CI","has_preview_condition","reread_condition","linear","new_p_val","n_sim"
"1",8.92634917845897e-05,0.000306914991967556,-0.000137057360043156,0.000317758378390955,-0.000139231394821775,0.00045698977321273,0.000443972352010712,"Gathering",1,"linear",0.41,1000
"2",0.00111100191486281,0.0013748420522379,0.000847787334513195,0.00138517239223004,0.000836831437495578,0.000548340954734465,0.000527054717724702,"Gathering",1,"nonlinear",0.001,1000
"3",-8.44220814857938e-06,0.000170117240040088,-0.000195361862306345,0.000171896948466982,-0.000188781364764141,0.000360678313231122,0.000365479102346432,"Hunting",1,"linear",0.908,1000
"4",0.000446459766885218,0.00069175079081643,0.000212010113358295,0.000672774191494155,0.000220145342276281,0.000452628849217874,0.000479740677458135,"Hunting",1,"nonlinear",0.001,1000
