"","m","upper","lower","norm_upper","norm_lower","w_norm_CI","w_new_CI","has_preview_condition","reread_condition","linear","new_p_val","n_sim"
"1",0.000217562524475616,0.000437751612696755,-2.08067256868217e-06,0.000438100765601131,-2.9757166498991e-06,0.00044107648225103,0.000439832285265437,"Gathering",1,"linear",0.048,1000
"2",0.000757181251672009,0.00103399791677818,0.000492718989995268,0.00102035994859188,0.00049400255475214,0.000526357393839739,0.000541278926782911,"Gathering",1,"nonlinear",0.001,1000
"3",-2.84582237553513e-05,0.000150025211885978,-0.000212618886956342,0.000152316919756844,-0.000209233367267546,0.00036155028702439,0.00036264409884232,"Hunting",1,"linear",0.744,1000
"4",0.000404892392707586,0.00066332091020335,0.000171840262961865,0.000648020786975562,0.000161763998439609,0.000486256788535953,0.000491480647241485,"Hunting",1,"nonlinear",0.001,1000
