"","m","upper","lower","norm_upper","norm_lower","w_norm_CI","w_new_CI","has_preview_condition","reread_condition","linear","new_p_val","n_sim"
"1",0.000217208601496964,0.000459042652254829,-2.80310529627336e-05,0.000458483296410497,-2.40660934165689e-05,0.000482549389827066,0.000487073705217563,"Gathering",1,"linear",0.08,1000
"2",0.000760968652185527,0.0010393443457965,0.000480338631701178,0.00103648643212338,0.000485450872247671,0.000551035559875712,0.000559005714095323,"Gathering",1,"nonlinear",0.001,1000
"3",7.5974049819783e-05,0.000281156882143762,-0.00012197001110903,0.000274044742299017,-0.000122096642659451,0.000396141384958468,0.000403126893252792,"Hunting",1,"linear",0.475,1000
"4",0.000365905124750762,0.000592689088629972,0.000117427048050519,0.000606694737614747,0.000125115511886776,0.000481579225727972,0.000475262040579453,"Hunting",1,"nonlinear",0.008,1000
