"","m","upper","lower","norm_upper","norm_lower","w_norm_CI","w_new_CI","has_preview_condition","reread_condition","linear","new_p_val","n_sim"
"1",-0.000375812897039626,-0.000270687877241708,-0.000490305020611111,-0.000268445197789527,-0.000483180596289725,0.000214735398500199,0.000219617143369402,"Gathering",1,"linear",0.001,1000
"2",0.000285503199908968,0.000512427183130022,7.66442707252223e-05,0.000493678412424258,7.73279873936779e-05,0.00041635042503058,0.0004357829124048,"Gathering",1,"nonlinear",0.008,1000
"3",6.27746658906028e-06,3.0404102997958e-05,-1.90530260734357e-05,3.13354001278501e-05,-1.87804669497295e-05,5.01158670775796e-05,4.94571290713938e-05,"Hunting",1,"linear",0.613,1000
"4",-0.000216817915031657,-0.000125478257465375,-0.000305907173985033,-0.000127528889682692,-0.000306106940380623,0.000178578050697931,0.000180428916519658,"Hunting",1,"nonlinear",0.001,1000
