"","m","upper","lower","norm_upper","norm_lower","w_norm_CI","w_new_CI","has_preview_condition","reread_condition","linear","new_p_val","n_sim"
"1",0.000238755887577966,0.000489142586241106,1.61416465885464e-06,0.00047896748047602,-1.45570532008896e-06,0.000480423185796109,0.000487528421582252,"Gathering",1,"linear",0.054,1000
"2",0.000639069102697484,0.000893240511982365,0.000366760996763632,0.000903108106712938,0.000375030098682029,0.000528078008030908,0.000526479515218734,"Gathering",1,"nonlinear",0.001,1000
"3",8.50486673436519e-05,0.000251913945128376,-7.51983608659997e-05,0.000252026877300125,-8.19295426128208e-05,0.000333956419912945,0.000327112305994376,"Hunting",1,"linear",0.297,1000
"4",0.000316060308148069,0.000562514613077845,8.97247771562554e-05,0.000543271716550608,8.88488997455297e-05,0.000454422816805078,0.00047278983592159,"Hunting",1,"nonlinear",0.005,1000
