"","m","upper","lower","norm_upper","norm_lower","w_norm_CI","w_new_CI","has_preview_condition","reread_condition","linear","new_p_val","n_sim"
"1",0.000888016888508562,0.00102184683624276,0.000750979955247496,0.00101752645591726,0.000758507321099868,0.000259019134817388,0.000270866880995264,"Gathering",0,"linear",0.001,1000
"2",0.00136435401395531,0.00151093635858719,0.00122189060397598,0.00150571019870696,0.00122299782920365,0.000282712369503314,0.000289045754611207,"Gathering",0,"nonlinear",0.001,1000
"3",0.000596031754021573,0.000724266297071345,0.000470112459864091,0.000719828699328067,0.00047223480871508,0.000247593890612987,0.000254153837207254,"Hunting",0,"linear",0.001,1000
"4",0.00104768398661603,0.0011864994269847,0.00090465632575562,0.00119166993176211,0.00090369804146994,0.000287971890292175,0.000281843101229076,"Hunting",0,"nonlinear",0.001,1000
