"","m","upper","lower","norm_upper","norm_lower","w_norm_CI","w_new_CI","has_preview_condition","reread_condition","linear","new_p_val","n_sim"
"1",0.000102420862028233,0.000336817703116493,-0.000147666422384645,0.000330528334550686,-0.000125686610494219,0.000456214945044905,0.000484484125501138,"Gathering",1,"linear",0.4,1000
"2",0.00114415621424227,0.00142313743715796,0.000874190116984078,0.00142121673538332,0.000867095693101215,0.000554121042282109,0.000548947320173877,"Gathering",1,"nonlinear",0.001,1000
"3",6.07913642904723e-06,0.000184485960338748,-0.00015880130743414,0.000187559637440649,-0.000175401364582555,0.000362961002023204,0.000343287267772888,"Hunting",1,"linear",0.901,1000
"4",0.000443968968415761,0.000666251291871599,0.000221181308245162,0.000669850704835814,0.000218087231995708,0.000451763472840106,0.000445069983626437,"Hunting",1,"nonlinear",0.001,1000
