"","m","upper","lower","norm_upper","norm_lower","w_norm_CI","w_new_CI","has_preview_condition","reread_condition","linear","new_p_val","n_sim"
"1",0.00011974662959356,0.000164931322236912,7.25318123141277e-05,0.000166792069738431,7.27011894486885e-05,9.40908802897421e-05,9.23995099227848e-05,"Gathering",1,"linear",0.001,1000
"2",0.000209342066872138,0.000401710416669892,1.69696017874886e-05,0.000406103928619899,1.25802051243769e-05,0.000393523723495522,0.000384740814882403,"Gathering",1,"nonlinear",0.034,1000
"3",0.000168020923104684,0.000230190066268939,0.000107437118774554,0.000230184831698525,0.000105857014510843,0.000124327817187682,0.000122752947494385,"Hunting",1,"linear",0.001,1000
"4",0.000291177678562987,0.000457481357015849,0.000114624144470702,0.000461498275271858,0.000120857081854116,0.000340641193417741,0.000342857212545146,"Hunting",1,"nonlinear",0.001,1000
