"","m","upper","lower","norm_upper","norm_lower","w_norm_CI","w_new_CI","has_preview_condition","reread_condition","linear","new_p_val","n_sim"
"1",2.07905054516054e-05,4.3557731922794e-05,-7.39917259007933e-08,4.22100575633232e-05,-6.29046660112308e-07,4.28391042234355e-05,4.36317236486948e-05,"Gathering",1,"linear",0.059,1000
"2",-0.000123092747505273,9.20046677330673e-05,-0.000326958810761064,8.64591984275163e-05,-0.000332644693438063,0.000419103891865579,0.000418963478494131,"Gathering",1,"nonlinear",0.253,1000
"3",0.000201137956427705,0.000250502109015746,0.000153511041817644,0.000248054455093931,0.00015422145776148,9.3832997332451e-05,9.69910671981024e-05,"Hunting",1,"linear",0.001,1000
"4",0.000386110592606587,0.000577495221649072,0.00019867519422582,0.000576491882333199,0.000195729302879976,0.000380762579453222,0.000378820027423252,"Hunting",1,"nonlinear",0.001,1000
