"","m","upper","lower","norm_upper","norm_lower","w_norm_CI","w_new_CI","has_preview_condition","reread_condition","linear","new_p_val","n_sim"
"1",0.000682176554381289,0.00080775802297937,0.000545703759147122,0.000811413879606639,0.000552939229155939,0.0002584746504507,0.000262054263832249,"Gathering",0,"linear",0.001,1000
"2",0.00122862688435075,0.00136287094900504,0.00109320657639758,0.00136446143763522,0.00109279233106627,0.000271669106568953,0.00026966437260746,"Gathering",0,"nonlinear",0.001,1000
"3",0.000600700149134975,0.000738556436843198,0.000462340789172237,0.000736893553759261,0.00046450674451069,0.000272386809248571,0.000276215647670961,"Hunting",0,"linear",0.001,1000
"4",0.00100731026352541,0.00115889433781252,0.000864029842613684,0.00115336611124226,0.000861254415808557,0.0002921116954337,0.000294864495198831,"Hunting",0,"nonlinear",0.001,1000
