"","m","upper","lower","norm_upper","norm_lower","w_norm_CI","w_new_CI","has_preview_condition","reread_condition","linear","new_p_val","n_sim"
"1",0.000193266725618731,0.000431255144512073,-4.50732840694814e-05,0.000436135156207292,-4.96017049698303e-05,0.000485736861177122,0.000476328428581555,"Gathering",1,"linear",0.13,1000
"2",0.000583111085057356,0.000827223025767187,0.000309749989812668,0.000850609103227612,0.0003156130668871,0.000534996036340512,0.000517473035954519,"Gathering",1,"nonlinear",0.001,1000
"3",6.71787845872766e-05,0.000283703090686778,-0.000159774111728488,0.000278644111614504,-0.000144286542439951,0.000422930654054456,0.000443477202415266,"Hunting",1,"linear",0.567,1000
"4",0.000544449342889169,0.000820680673497965,0.000249798786243811,0.000814881134509869,0.00027401755126847,0.000540863583241399,0.000570881887254154,"Hunting",1,"nonlinear",0.001,1000
