"","m","upper","lower","norm_upper","norm_lower","w_norm_CI","w_new_CI","has_preview_condition","reread_condition","linear","new_p_val","n_sim"
"1",0.000810617386258718,0.000940149794327543,0.000675234538299764,0.000944442132248047,0.000676792640269388,0.000267649491978659,0.00026491525602778,"Gathering",0,"linear",0.001,1000
"2",0.00120241398554565,0.00134611433683608,0.00106224749732612,0.00134381670049617,0.00106101127059512,0.000282805429901054,0.000283866839509953,"Gathering",0,"nonlinear",0.001,1000
"3",0.000559980038021638,0.000688885652697458,0.000436309150699109,0.000689402222133258,0.000430557853910018,0.000258844368223241,0.000252576501998348,"Hunting",0,"linear",0.001,1000
"4",0.000960528981336695,0.00110872933053914,0.000817189975118944,0.00110010524541542,0.000820952717257967,0.000279152528157456,0.000291539355420198,"Hunting",0,"nonlinear",0.001,1000
