"","m","upper","lower","norm_upper","norm_lower","w_norm_CI","w_new_CI","has_preview_condition","reread_condition","linear","new_p_val","n_sim"
"1",0.000600533656505438,0.000722875581643516,0.000481599731053461,0.000723782157766903,0.000477285155243973,0.00024649700252293,0.000241275850590055,"Gathering",0,"linear",0.001,1000
"2",0.00100202708574609,0.0011357361272013,0.000866835855715299,0.00113421989173173,0.00086983427976046,0.000264385611971269,0.000268900271486005,"Gathering",0,"nonlinear",0.001,1000
"3",0.000394456871075581,0.000512416557210724,0.000275082255606818,0.000510406769455589,0.000278506972695573,0.000231899796760016,0.000237334301603906,"Hunting",0,"linear",0.001,1000
"4",0.000728411743857585,0.000867112447052954,0.000592065264836111,0.000861279516656511,0.000595543971058659,0.000265735545597853,0.000275047182216844,"Hunting",0,"nonlinear",0.001,1000
