"","m","upper","lower","norm_upper","norm_lower","w_norm_CI","w_new_CI","has_preview_condition","reread_condition","linear","new_p_val","n_sim"
"1",7.23091400688356e-05,0.000102466516247744,4.40697836309232e-05,0.00010219180059655,4.24264795411212e-05,5.97653210554289e-05,5.83967326168212e-05,"Gathering",1,"linear",0.001,1000
"2",0.000131364976617335,0.000312565544429058,-5.74155445272172e-05,0.000321366403555057,-5.86364503203863e-05,0.000380002853875443,0.000369981088956275,"Gathering",1,"nonlinear",0.167,1000
"3",0.00010878461901361,0.000163098319638443,5.41170761092099e-05,0.000164061254038109,5.3507983989111e-05,0.000110553270048998,0.000108981243529233,"Hunting",1,"linear",0.001,1000
"4",9.0897427948988e-05,0.000279569903509572,-9.59519354139976e-05,0.00028723737846048,-0.000105442522562505,0.000392679901022985,0.00037552183892357,"Hunting",1,"nonlinear",0.337,1000
