"","m","upper","lower","norm_upper","norm_lower","w_norm_CI","w_new_CI","has_preview_condition","reread_condition","linear","new_p_val","n_sim"
"1",0.000151170082371743,0.000355251928609947,-6.67291231820373e-05,0.000369309929163988,-6.69697644205025e-05,0.00043627969358449,0.000421981051791985,"Gathering",1,"linear",0.163,1000
"2",0.000815661585493815,0.00108252223620588,0.000543815208403699,0.00109392006814882,0.000537403102838811,0.000556516965310007,0.000538707027802181,"Gathering",1,"nonlinear",0.001,1000
"3",6.1923919609792e-05,0.000271959985303033,-0.00014584361824777,0.00028052044690503,-0.000156672607685446,0.000437193054590477,0.000417803603550802,"Hunting",1,"linear",0.574,1000
"4",0.000287285257145786,0.000543631960468048,3.73932858865328e-05,0.000535872752516676,3.8697761774897e-05,0.000497174990741779,0.000506238674581515,"Hunting",1,"nonlinear",0.026,1000
