"","m","upper","lower","norm_upper","norm_lower","w_norm_CI","w_new_CI","has_preview_condition","reread_condition","linear","new_p_val","n_sim"
"1",0.000245133055036266,0.000437969127385666,3.58581456467855e-05,0.000456523563619976,3.37425464525569e-05,0.000422781017167419,0.00040211098173888,"Gathering",1,"linear",0.021,1000
"2",0.000978319304838207,0.00126283303750253,0.000711517112259894,0.00124853461746584,0.000708103992210577,0.00054043062525526,0.00055131592524264,"Gathering",1,"nonlinear",0.001,1000
"3",3.466958847552e-05,0.000190135425757107,-0.000114410556515601,0.000184822539906508,-0.000115483362955468,0.000300305902861976,0.000304545982272707,"Hunting",1,"linear",0.657,1000
"4",0.00037525823643674,0.000568578450833078,0.000153073971740145,0.00058752738884565,0.00016298908402783,0.000424538304817821,0.000415504479092933,"Hunting",1,"nonlinear",0.003,1000
