"","m","upper","lower","norm_upper","norm_lower","w_norm_CI","w_new_CI","has_preview_condition","reread_condition","linear","new_p_val","n_sim"
"1",0.000121619963177015,0.000153309865245357,8.88050729353788e-05,0.000152424195018137,9.08157313358924e-05,6.16084636822446e-05,6.45047923099777e-05,"Gathering",1,"linear",0.001,1000
"2",-2.18879960828459e-05,0.000168809583698465,-0.00019591376426904,0.000163961856830466,-0.000207737848996158,0.000371699705826624,0.000364723347967505,"Gathering",1,"nonlinear",0.851,1000
"3",7.08291371931356e-05,0.000123183304615343,1.48386206047308e-05,0.000125510315065552,1.61479593207193e-05,0.000109362355744833,0.000108344684010612,"Hunting",1,"linear",0.008,1000
"4",-0.000115909471407011,7.54184245364352e-06,-0.000243378844322394,1.21485241323019e-05,-0.000243967466946323,0.000256115991078625,0.000250920686776038,"Hunting",1,"nonlinear",0.074,1000
