"","m","upper","lower","norm_upper","norm_lower","w_norm_CI","w_new_CI","has_preview_condition","reread_condition","linear","new_p_val","n_sim"
"1",0.000832459001781146,0.000967215082301349,0.000701945285222992,0.000962812530783425,0.000702105472778867,0.000260707058004558,0.000265269797078357,"Gathering",0,"linear",0.001,1000
"2",0.00130167902061874,0.00144629102705371,0.00115649765046776,0.00144799826975321,0.00115535977148426,0.00029263849826895,0.000289793376585945,"Gathering",0,"nonlinear",0.001,1000
"3",0.000145570724428464,0.000368147373754907,-6.69217335381044e-05,0.000366600130672817,-7.54586818158889e-05,0.000442058812488706,0.000435069107293011,"Gathering",1,"linear",0.197,1000
"4",0.000745648783196406,0.00103279097870204,0.000466830165886772,0.00102811152746895,0.000463186038923859,0.000564925488545096,0.000565960812815266,"Gathering",1,"nonlinear",0.001,1000
"5",0.000619862607773882,0.000759678281312733,0.000491605513828974,0.000751172756667854,0.000488552458879909,0.000262620297787945,0.000268072767483759,"Hunting",0,"linear",0.001,1000
"6",0.00100363717696929,0.00115352639128675,0.000854564507131542,0.00115196635149208,0.000855308002446496,0.000296658349045584,0.000298961884155206,"Hunting",0,"nonlinear",0.001,1000
"7",8.58706743651471e-05,0.000278560232859139,-0.000125029783589678,0.000286101085956866,-0.000114359737226572,0.000400460823183439,0.000403590016448818,"Hunting",1,"linear",0.388,1000
"8",0.000338338502688821,0.00057323346375506,7.59588892090251e-05,0.000583260387953734,9.34166174239075e-05,0.000489843770529827,0.000497274574546035,"Hunting",1,"nonlinear",0.011,1000
