"","m","upper","lower","norm_upper","norm_lower","w_norm_CI","w_new_CI","has_preview_condition","reread_condition","linear","new_p_val","n_sim"
"1",0.000853905440803717,0.000989118954797177,0.000720489989259852,0.000986256964158729,0.000721553917448706,0.000264703046710023,0.000268628965537325,"Gathering",0,"linear",0.001,1000
"2",0.00142674578539901,0.0015632418338967,0.00128630656216684,0.00156906346494988,0.00128442810584814,0.000284635359101738,0.000276935271729859,"Gathering",0,"nonlinear",0.001,1000
"3",0.000654646185701621,0.000800641679432677,0.000526693370889176,0.000795726117753141,0.000513566253650102,0.000282159864103039,0.000273948308543501,"Hunting",0,"linear",0.001,1000
"4",0.00109156647875564,0.00124014732106072,0.000939812454789254,0.00124515139672478,0.000937981560786509,0.00030716983593827,0.000300334866271463,"Hunting",0,"nonlinear",0.001,1000
