"","m","upper","lower","norm_upper","norm_lower","w_norm_CI","w_new_CI","has_preview_condition","reread_condition","linear","new_p_val","n_sim"
"1",0.000820234081490926,0.000955936506478136,0.000686759964777073,0.000954367346559618,0.000686100816422233,0.000268266530137385,0.000269176541701063,"Gathering",0,"linear",0.001,1000
"2",0.00136650218990813,0.00151738658591671,0.00121992796631193,0.00151480391576707,0.00121820046404918,0.000296603451717888,0.000297458619604787,"Gathering",0,"nonlinear",0.001,1000
"3",0.000577145199264237,0.000715667364504633,0.000443711987241776,0.000711158138136162,0.000443132260392312,0.00026802587774385,0.000271955377262857,"Hunting",0,"linear",0.001,1000
"4",0.00100264247192133,0.00115944319278713,0.00085926721152436,0.00115221574972683,0.000853069194115819,0.000299146555611013,0.000300175981262768,"Hunting",0,"nonlinear",0.001,1000
