"","m","upper","lower","norm_upper","norm_lower","w_norm_CI","w_new_CI","has_preview_condition","reread_condition","linear","new_p_val","n_sim"
"1",0.000799012225714396,0.000923940711312659,0.000677516520727731,0.000927550293005187,0.000670474158423604,0.000257076134581583,0.000246424190584929,"Gathering",0,"linear",0.001,1000
"2",0.00136719926822589,0.00151485648208995,0.00122262940940494,0.00151230948953729,0.00122208904691449,0.000290220442622803,0.000292227072685012,"Gathering",0,"nonlinear",0.001,1000
"3",0.000563626350828234,0.000691060669416889,0.000433809284706172,0.000693131828104008,0.00043412087355246,0.000259010954551548,0.000257251384710717,"Hunting",0,"linear",0.001,1000
"4",0.0010325980925848,0.00117724464174906,0.000895242872324788,0.0011804514136432,0.000884744771526408,0.000295706642116792,0.000282001769424273,"Hunting",0,"nonlinear",0.001,1000
