"","m","upper","lower","norm_upper","norm_lower","w_norm_CI","w_new_CI","has_preview_condition","reread_condition","linear","new_p_val","n_sim"
"1",-9.81250056277551e-05,-6.47717947184763e-05,-0.000131127670821315,-6.46611205345319e-05,-0.000131588890720978,6.69277701864463e-05,6.63558761028383e-05,"Gathering",1,"linear",0.001,1000
"2",-0.000218078281129241,-0.000103185069259818,-0.000318579791647873,-0.000113729947234985,-0.000322426615023497,0.000208696667788513,0.000215394722388055,"Gathering",1,"nonlinear",0.001,1000
"3",-0.000198143064397045,-0.000110911115979814,-0.000289799781472276,-0.000105801863672496,-0.000290484265121594,0.000184682401449099,0.000178888665492463,"Hunting",1,"linear",0.001,1000
"4",7.33181132453162e-05,0.000293826638905765,-0.00013546847390385,0.000294664385753388,-0.000148028159262755,0.000442692545016143,0.000429295112809615,"Hunting",1,"nonlinear",0.553,1000
