"","m","upper","lower","norm_upper","norm_lower","w_norm_CI","w_new_CI","has_preview_condition","reread_condition","linear","new_p_val","n_sim"
"1",-0.000407214970051671,-0.000298028138606735,-0.000511756339883039,-0.000300736837304374,-0.000513693102798968,0.000212956265494594,0.000213728201276303,"Gathering",1,"linear",0.001,1000
"2",-0.000100496394925721,0.000103741162989349,-0.000300856373608166,8.66713769464728e-05,-0.000287664166797915,0.000374335543744388,0.000404597536597515,"Gathering",1,"nonlinear",0.291,1000
"3",0.000427423959169468,0.000560795131151465,0.000298298082330936,0.000554716039345221,0.000300131878993716,0.000254584160351505,0.000262497048820529,"Hunting",1,"linear",0.001,1000
"4",0.000287819567639635,0.000440164523948308,0.000141767617610384,0.000438821076147914,0.000136818059131355,0.000302003017016559,0.000298396906337924,"Hunting",1,"nonlinear",0.001,1000
