"","m","upper","lower","norm_upper","norm_lower","w_norm_CI","w_new_CI","has_preview_condition","reread_condition","linear","new_p_val","n_sim"
"1",0.00150428579928866,0.00166500177994563,0.00135626831122527,0.00165656233184095,0.00135200926673638,0.000304553065104566,0.000308733468720361,"Gathering",0,"linear",0.001,1000
"2",0.00157012106156013,0.00174092049006188,0.00141366635678323,0.00172600015865516,0.0014142419644651,0.000311758194190062,0.000327254133278644,"Gathering",0,"nonlinear",0.001,1000
"3",0.000549107358784548,0.000820195862588995,0.000303310438262647,0.000804565840822142,0.000293648876746953,0.000510916964075189,0.000516885424326348,"Gathering",1,"linear",0.001,1000
"4",0.000608369836118112,0.0008675413667126,0.000340191406624598,0.00087402929238928,0.000342710379846944,0.000531318912542336,0.000527349960088002,"Gathering",1,"nonlinear",0.001,1000
"5",0.0011573235764064,0.00131171588836453,0.00101081601178948,0.00130802095843593,0.00100662619437687,0.000301394764059061,0.00030089987657505,"Hunting",0,"linear",0.001,1000
"6",0.00133787337388136,0.00148769162455483,0.00118238844944631,0.00149250148119622,0.0011832452665665,0.000309256214629726,0.00030530317510852,"Hunting",0,"nonlinear",0.001,1000
"7",0.000349112873004171,0.000587442077760002,0.000104731542530926,0.00058919603026328,0.000109029715745061,0.000480166314518219,0.000482710535229077,"Hunting",1,"linear",0.003,1000
"8",0.000528035938964101,0.000790368324078827,0.000271242657617335,0.00079174634571874,0.000264325532209462,0.000527420813509278,0.000519125666461492,"Hunting",1,"nonlinear",0.001,1000
