"","m","upper","lower","norm_upper","norm_lower","w_norm_CI","w_new_CI","has_preview_condition","reread_condition","linear","new_p_val","n_sim"
"1",0.000768276326783343,0.000875157101272535,0.000662786881725045,0.000875446573294407,0.00066110608027228,0.000214340493022127,0.00021237021954749,"Gathering",0,"linear",0.001,1000
"2",0.00101192520498886,0.00112622136153785,0.000894551498533407,0.00112600060964021,0.0008978498003375,0.000228150809302715,0.000231669863004442,"Gathering",0,"nonlinear",0.001,1000
"3",0.000352803160654712,0.000549190341747547,0.000160053454746149,0.000543816853317989,0.000161789467991434,0.000382027385326555,0.000389136887001398,"Gathering",1,"linear",0.001,1000
"4",0.000523212986041329,0.00074730514623354,0.000312667940838666,0.000729746778602111,0.000316679193480546,0.000413067585121566,0.000434637205394875,"Gathering",1,"nonlinear",0.001,1000
"5",0.000738286103128433,0.000856107843111867,0.000621342384011453,0.000853744286230758,0.000622827920026108,0.00023091636620465,0.000234765459100414,"Hunting",0,"linear",0.001,1000
"6",0.000946297481506943,0.00106774952164289,0.000821382678841849,0.00107006800274908,0.000822526960264806,0.000247541042484274,0.000246366842801042,"Hunting",0,"nonlinear",0.001,1000
"7",0.000299383603725059,0.000490195808317771,0.000104298810906166,0.000488498674381582,0.000110268533068536,0.000378230141313046,0.000385896997411605,"Hunting",1,"linear",0.002,1000
"8",0.000427534001705,0.000669428662336722,0.000173204862881728,0.000677301716614683,0.000177766286795316,0.000499535429819366,0.000496223799454993,"Hunting",1,"nonlinear",0.001,1000
