"","m","upper","lower","norm_upper","norm_lower","w_norm_CI","w_new_CI","has_preview_condition","reread_condition","linear","new_p_val","n_sim"
"1",0.00166475672587452,0.00181580860561058,0.00151796758673932,0.001817917483588,0.00151159596816105,0.000306321515426945,0.000297841018871258,"Gathering",0,"linear",0.001,1000
"2",0.00180880425898597,0.00197000145765271,0.00165330352510965,0.00196647431305693,0.00165113420491501,0.000315340108141919,0.000316697932543064,"Gathering",0,"nonlinear",0.001,1000
"3",0.000903109865704424,0.0011836569348241,0.000613654294174082,0.00118136893787354,0.000624850793535304,0.00055651814433824,0.000570002640650018,"Gathering",1,"linear",0.001,1000
"4",0.0009868988876635,0.00126337401111418,0.000731259753144454,0.00127134069562464,0.00070245707970236,0.000568883615922281,0.000532114257969726,"Gathering",1,"nonlinear",0.001,1000
"5",0.00125940756743832,0.00140017344825608,0.00110806861625555,0.00141044152875712,0.00110837360611952,0.000302067922637598,0.000292104832000531,"Hunting",0,"linear",0.001,1000
"6",0.00150128762617427,0.00164959983778733,0.00133971070627385,0.00165773187410044,0.00134484337824811,0.000312888495852333,0.000309889131513472,"Hunting",0,"nonlinear",0.001,1000
"7",0.000368025983486368,0.000588877768809725,0.000139991543955485,0.000593988554227174,0.000142063412745563,0.00045192514148161,0.00044888622485424,"Hunting",1,"linear",0.002,1000
"8",0.000395812300482811,0.000656910788914003,0.000141944227605473,0.000642102566333707,0.000149522034631916,0.000492580531701792,0.000514966561308529,"Hunting",1,"nonlinear",0.004,1000
