"","m","upper","lower","norm_upper","norm_lower","w_norm_CI","w_new_CI","has_preview_condition","reread_condition","linear","new_p_val","n_sim"
"1",0.00106738786314535,0.00118139435836011,0.000955125768389519,0.00117812257738257,0.000956653148908133,0.000221469428474433,0.000226268589970589,"Gathering",0,"linear",0.001,1000
"2",0.00108591442280563,0.00120478677074275,0.000966144897549888,0.00119918560159742,0.000972643244013844,0.00022654235758358,0.000238641873192861,"Gathering",0,"nonlinear",0.001,1000
"3",0.000580907954684424,0.000792574090866812,0.000356817012087337,0.0007885759579665,0.000373239951402349,0.000415336006564151,0.000435757078779475,"Gathering",1,"linear",0.001,1000
"4",0.000560077729961704,0.000775161947037629,0.000332477064379646,0.000774718351606444,0.000345437108316965,0.000429281243289479,0.000442684882657983,"Gathering",1,"nonlinear",0.001,1000
"5",0.000810112783201147,0.00091700596980982,0.000707603083580675,0.000916324061384939,0.000703901505017356,0.000212422556367584,0.000209402886229145,"Hunting",0,"linear",0.001,1000
"6",0.000954228702108911,0.00105537433904035,0.000840394838660346,0.00106319473346291,0.000845262670754912,0.000217932062707998,0.000214979500380007,"Hunting",0,"nonlinear",0.001,1000
"7",0.000251313065449494,0.000411758945317787,8.49199166399383e-05,0.000405594326333905,9.70318045650828e-05,0.000308562521768822,0.000326839028677849,"Hunting",1,"linear",0.004,1000
"8",0.000366680830300126,0.000541488534852269,0.000184011478239521,0.000554786600911359,0.000178575059688892,0.000376211541222468,0.000357477056612748,"Hunting",1,"nonlinear",0.001,1000
