"","m","upper","lower","norm_upper","norm_lower","w_norm_CI","w_new_CI","has_preview_condition","reread_condition","linear","new_p_val","n_sim"
"1",0.000384972444905111,0.000749873031086611,1.7294059074473e-05,0.000743820585969302,2.61243038409198e-05,0.000717696282128383,0.000732578972012138,"Gathering",0,"linear",0.046,1000
"2",0.00108078599641741,0.00151760980054387,0.000663748697699943,0.00149222443718081,0.000669347555653996,0.000822876881526818,0.000853861102843926,"Gathering",0,"nonlinear",0.001,1000
"3",0.000671919213995215,0.00122053478424737,0.000114051938904679,0.00123403669266215,0.000109801735328281,0.00112423495733387,0.00110648284534269,"Hunting",0,"linear",0.02,1000
"4",0.000985920831063905,0.00160311950761275,0.0003964786657311,0.00156802686596902,0.000403814796158792,0.00116421206981023,0.00120664084188165,"Hunting",0,"nonlinear",0.002,1000
