"","m","upper","lower","norm_upper","norm_lower","w_norm_CI","w_new_CI","has_preview_condition","reread_condition","linear","new_p_val","n_sim"
"1",6.49753476282958e-05,0.000324009050781231,-0.000181341300417492,0.000306059147218198,-0.000176108451961607,0.000482167599179805,0.000505350351198723,"Gathering",1,"linear",0.576,1000
"2",0.000767296060343256,0.00112241529610233,0.000409265558352734,0.00112114313125198,0.000413448989434536,0.000707694141817439,0.000713149737749597,"Gathering",1,"nonlinear",0.001,1000
"3",-0.000197171627158747,0.000175389732742097,-0.000577363430704448,0.000195265361651643,-0.000589608615969136,0.000784873977620779,0.000752753163446545,"Hunting",1,"linear",0.286,1000
"4",0.000181555134509511,0.000621991234912287,-0.000274967780076588,0.000604343016560153,-0.000241232747541131,0.000845575764101283,0.000896959014988875,"Hunting",1,"nonlinear",0.394,1000
