"","m","upper","lower","norm_upper","norm_lower","w_norm_CI","w_new_CI","has_preview_condition","reread_condition","linear","new_p_val","n_sim"
"1",8.28322407699027e-05,0.00033444688266885,-0.00015168209985864,0.000317524702776519,-0.000151860221236713,0.000469384924013232,0.000486128982527489,"Gathering",1,"linear",0.486,1000
"2",0.000738171814800754,0.00106485937752848,0.000364206578976046,0.0010834797137343,0.000392863915867203,0.000690615797867101,0.000700652798552432,"Gathering",1,"nonlinear",0.001,1000
"3",-0.000118156452142646,0.00032840374017663,-0.000488402426722752,0.000275224650466274,-0.000511537554751565,0.000786762205217839,0.000816806166899382,"Hunting",1,"linear",0.622,1000
"4",0.00021023076871848,0.000647347365617625,-0.000207202661021331,0.000635485740912515,-0.000215024203475556,0.000850509944388072,0.000854550026638956,"Hunting",1,"nonlinear",0.322,1000
