"","m","upper","lower","norm_upper","norm_lower","w_norm_CI","w_new_CI","has_preview_condition","reread_condition","linear","new_p_val","n_sim"
"1",0.00115359955415896,0.00129773496504047,0.00101317262736958,0.00129710309159508,0.00101009601672284,0.000287007074872242,0.000284562337670889,"Gathering",0,"linear",0.001,1000
"2",0.00155605789977302,0.00171789283733016,0.00139325427334446,0.00170802502522188,0.00140409077432417,0.000303934250897716,0.000324638563985705,"Gathering",0,"nonlinear",0.001,1000
"3",0.000808993643175585,0.000951635113617847,0.000670051060271877,0.000946595387656669,0.000671391898694502,0.000275203488962166,0.000281584053345971,"Hunting",0,"linear",0.001,1000
"4",0.00116714769550962,0.00131024470692126,0.00100892862277513,0.00131661703019406,0.00101767836082518,0.000298938669368886,0.000301316084146133,"Hunting",0,"nonlinear",0.001,1000
