"","m","upper","lower","norm_upper","norm_lower","w_norm_CI","w_new_CI","has_preview_condition","reread_condition","linear","new_p_val","n_sim"
"1",0.00122948189350593,0.00137422991902925,0.00108150095179818,0.00137631556660533,0.00108264822040653,0.000293667346198796,0.000292728967231064,"Gathering",0,"linear",0.001,1000
"2",0.00158435695692854,0.00173089510328382,0.00143236139199895,0.00173637395999209,0.00143233995386498,0.000304034006127104,0.00029853371128487,"Gathering",0,"nonlinear",0.001,1000
"3",0.00105073161230047,0.00119918696818719,0.000905644311821546,0.00120192702383316,0.000899536200767781,0.000302390823065375,0.000293542656365648,"Hunting",0,"linear",0.001,1000
"4",0.00125970316177851,0.00140820424270618,0.00109641092651789,0.00141970677874662,0.0010996995448104,0.000320007233936216,0.000311793316188281,"Hunting",0,"nonlinear",0.001,1000
