"","m","upper","lower","norm_upper","norm_lower","w_norm_CI","w_new_CI","has_preview_condition","reread_condition","linear","new_p_val","n_sim"
"1",0.00132991595494773,0.00147559525305013,0.00117641525620867,0.00148214572417651,0.00117768618571894,0.000304459538457568,0.000299179996841456,"Gathering",0,"linear",0.001,1000
"2",0.00159778988857411,0.00175354441812297,0.00143877236831713,0.00175537322266937,0.00144020655447884,0.000315166668190526,0.000314772049805836,"Gathering",0,"nonlinear",0.001,1000
"3",0.000481784215193641,0.000761194448512126,0.000205678183039218,0.000751692913592883,0.000211875516794399,0.000539817396798484,0.000555516265472908,"Gathering",1,"linear",0.001,1000
"4",0.000621355470497211,0.000884057635589541,0.000334564596735433,0.000907445731206916,0.000335265209787505,0.000572180521419411,0.000549493038854108,"Gathering",1,"nonlinear",0.001,1000
"5",0.000863643987098597,0.000994443120154252,0.000730276493463235,0.000999896492562399,0.000727391481634795,0.000272505010927604,0.000264166626691017,"Hunting",0,"linear",0.001,1000
"6",0.00124841336394451,0.00139529381138689,0.00109794055940518,0.00140241229924262,0.00109441442864639,0.000307997870596228,0.00029735325198171,"Hunting",0,"nonlinear",0.001,1000
"7",0.000156088023470472,0.000353767712851599,-5.85337616472154e-05,0.000367748739104802,-5.5572692163859e-05,0.000423321431268661,0.000412301474498814,"Hunting",1,"linear",0.152,1000
"8",0.000518715078229514,0.00079305706855997,0.000237416023717996,0.000784155304775773,0.000253274851683255,0.000530880453092518,0.000555641044841974,"Hunting",1,"nonlinear",0.001,1000
