"","m","upper","lower","norm_upper","norm_lower","w_norm_CI","w_new_CI","has_preview_condition","reread_condition","linear","new_p_val","n_sim"
"1",0.000376631550337725,0.000620842852482594,0.000126669254446431,0.000637581762299772,0.000115681338375678,0.000521900423924093,0.000494173598036163,"Gathering",1,"linear",0.004,1000
"2",0.000666843831029336,0.000941623824974793,0.000378914250571393,0.000953430469378379,0.000380257192680293,0.000573173276698086,0.0005627095744034,"Gathering",1,"nonlinear",0.001,1000
"3",0.000119646444371862,0.000317098244111937,-8.61484536133294e-05,0.000330397410181536,-9.11045214378123e-05,0.000421501931619348,0.000403246697725267,"Hunting",1,"linear",0.265,1000
"4",0.000471363447674163,0.000739979420182553,0.000221107839993391,0.000730520975689063,0.000212205919659262,0.000518315056029801,0.000518871580189161,"Hunting",1,"nonlinear",0.001,1000
