"","m","upper","lower","norm_upper","norm_lower","w_norm_CI","w_new_CI","has_preview_condition","reread_condition","linear","new_p_val","n_sim"
"1",0.000254931998618039,0.000511328076285666,-4.08633051527823e-06,0.000519455245393651,-9.59124815757325e-06,0.000529046493551225,0.000515414406800945,"Gathering",1,"linear",0.05,1000
"2",0.000546844688039309,0.000825235150975339,0.000257548412390611,0.00083009717430616,0.000263592201772457,0.000566504972533704,0.000567686738584728,"Gathering",1,"nonlinear",0.001,1000
"3",7.02963859347721e-05,0.0002371219419045,-8.98172698695122e-05,0.000234624275471788,-9.40315036022436e-05,0.000328655779074031,0.000326939211774012,"Hunting",1,"linear",0.393,1000
"4",0.000474203385350701,0.000711023121640756,0.000254805162294317,0.000694765309195995,0.000253641461505406,0.00044112384769059,0.000456217959346439,"Hunting",1,"nonlinear",0.001,1000
