"","m","upper","lower","norm_upper","norm_lower","w_norm_CI","w_new_CI","has_preview_condition","reread_condition","linear","new_p_val","n_sim"
"1",6.55530464673171e-05,0.000107001509849784,2.50373307669323e-05,0.000104790704482796,2.63153884518385e-05,7.84753160309572e-05,8.19641790828518e-05,"Gathering",1,"linear",0.001,1000
"2",0.000329897928676696,0.000561621517524539,9.25533593502398e-05,0.000572400231008158,8.7395626345234e-05,0.000485004604662924,0.0004690681581743,"Gathering",1,"nonlinear",0.01,1000
"3",8.21665756450881e-05,0.000138889392543106,3.24232660588746e-05,0.000134330382712818,3.00027685773584e-05,0.00010432761413546,0.000106466126484232,"Hunting",1,"linear",0.004,1000
"4",-0.000216773329929355,-7.03053537305774e-05,-0.000377797148880615,-7.13231938998968e-05,-0.000362223465958814,0.000290900272058917,0.000307491795150037,"Hunting",1,"nonlinear",0.009,1000
