"","m","upper","lower","norm_upper","norm_lower","w_norm_CI","w_new_CI","has_preview_condition","reread_condition","linear","new_p_val","n_sim"
"1",0.000162805001767623,0.000198941224350477,0.000124898352514763,0.000199603073174322,0.000126006930360925,7.35961428133971e-05,7.40428718357138e-05,"Gathering",1,"linear",0.001,1000
"2",-0.000129446032459929,0.000105204646595448,-0.000357244756616403,0.000117797955011237,-0.000376690019931095,0.000494487974942332,0.000462449403211851,"Gathering",1,"nonlinear",0.295,1000
"3",0.000128229549241296,0.000196384082234906,6.2209741559152e-05,0.000197759214392728,5.86998840898646e-05,0.000139059330302863,0.000134174340675754,"Hunting",1,"linear",0.001,1000
"4",-4.26231649331195e-05,0.000147328321737873,-0.000255395964535976,0.000163349066980084,-0.000248595396846323,0.000411944463826407,0.000402724286273849,"Hunting",1,"nonlinear",0.663,1000
