"","m","upper","lower","norm_upper","norm_lower","w_norm_CI","w_new_CI","has_preview_condition","reread_condition","linear","new_p_val","n_sim"
"1",0.00119222551174859,0.00133487891001553,0.00105540890123568,0.0013378620496736,0.00104658897382358,0.000291273075850012,0.000279470008779849,"Gathering",0,"linear",0.001,1000
"2",0.00155427538643678,0.00171172032874538,0.00141992382968796,0.00170530653080055,0.001403244242073,0.000302062288727551,0.000291796499057414,"Gathering",0,"nonlinear",0.001,1000
"3",0.000982698495573307,0.00113245055051673,0.000823877515661192,0.00113472337596134,0.000830673615185271,0.000304049760776073,0.000308573034855543,"Hunting",0,"linear",0.001,1000
"4",0.00125797408546264,0.00142430109337874,0.00108648090960997,0.00141715427940925,0.00109879389151604,0.000318360387893215,0.000337820183768771,"Hunting",0,"nonlinear",0.001,1000
