"","m","upper","lower","norm_upper","norm_lower","w_norm_CI","w_new_CI","has_preview_condition","reread_condition","linear","new_p_val","n_sim"
"1",0.00121388362835221,0.00135788916553442,0.00107828081071156,0.0013587687107539,0.00106899854595051,0.000289770164803389,0.00027960835482286,"Gathering",0,"linear",0.001,1000
"2",0.00153573587301901,0.00168705169448056,0.00138783183680214,0.00168685023987798,0.00138462150616003,0.000302228733717952,0.000299219857678424,"Gathering",0,"nonlinear",0.001,1000
"3",0.000414289246189429,0.00069724931679183,0.000123708709153244,0.000692764167270067,0.000135814325108792,0.000556949842161275,0.000573540607638587,"Gathering",1,"linear",0.005,1000
"4",0.000647474376318178,0.000950737115242069,0.000350290392026018,0.000941879866017457,0.000353068886618899,0.000588810979398558,0.000600446723216051,"Gathering",1,"nonlinear",0.001,1000
"5",0.000911943245041533,0.00104910607524628,0.000762216228194495,0.00105344646991246,0.000770440020170611,0.000283006449741845,0.000286889847051789,"Hunting",0,"linear",0.001,1000
"6",0.00117693416805701,0.00133192016612607,0.00103525491478833,0.00132689697965302,0.001026971356461,0.000299925623192026,0.000296665251337743,"Hunting",0,"nonlinear",0.001,1000
"7",0.000119059355665635,0.000330881904764614,-8.67819186427743e-05,0.000326224713444401,-8.8106002113131e-05,0.000414330715557531,0.000417663823407388,"Hunting",1,"linear",0.234,1000
"8",0.00037436687820438,0.000601592260936414,0.000151697912341531,0.00060633918612716,0.000142394570281601,0.00046394461584556,0.000449894348594883,"Hunting",1,"nonlinear",0.001,1000
