"","m","upper","lower","norm_upper","norm_lower","w_norm_CI","w_new_CI","has_preview_condition","reread_condition","linear","new_p_val","n_sim"
"1",0.00049822769953243,0.000758690112624128,0.000236390482599245,0.000759622429938508,0.000236832969126353,0.000522789460812155,0.000522299630024883,"Gathering",1,"linear",0.002,1000
"2",0.00064978094216086,0.000929823748797511,0.00036070943382909,0.000927019020936012,0.000372542863385709,0.000554476157550303,0.000569114314968421,"Gathering",1,"nonlinear",0.001,1000
"3",0.000172525389406559,0.000393007959551322,-3.54727419513663e-05,0.000380772053016614,-3.57212742034965e-05,0.00041649332722011,0.000428480701502688,"Hunting",1,"linear",0.107,1000
"4",0.000543893216068404,0.000792425049745668,0.000269423622520977,0.000789580813250939,0.000298205618885869,0.00049137519436507,0.00052300142722469,"Hunting",1,"nonlinear",0.001,1000
