"","m","upper","lower","norm_upper","norm_lower","w_norm_CI","w_new_CI","has_preview_condition","reread_condition","linear","new_p_val","n_sim"
"1",0.00111819245793984,0.00126963042771377,0.000975196134262086,0.00126232132416464,0.000974063591715041,0.0002882577324496,0.000294434293451685,"Gathering",0,"linear",0.001,1000
"2",0.00150778821512352,0.00166219687476013,0.00136053107101286,0.00166083328033944,0.00135474314990759,0.00030609013043185,0.000301665803747271,"Gathering",0,"nonlinear",0.001,1000
"3",0.0007637722602738,0.000892690678352807,0.00061994235411838,0.000899732366514386,0.000627812154033215,0.000271920212481171,0.000272748324234427,"Hunting",0,"linear",0.001,1000
"4",0.00109459876187157,0.00123921627201333,0.000940962271915881,0.00124130783495798,0.000947889688785153,0.000293418146172831,0.000298254000097448,"Hunting",0,"nonlinear",0.001,1000
