"","m","upper","lower","norm_upper","norm_lower","w_norm_CI","w_new_CI","has_preview_condition","reread_condition","linear","new_p_val","n_sim"
"1",0.00033516556271933,0.000607312555707352,4.4613154275117e-05,0.000601529745838941,6.88013795997198e-05,0.000532728366239221,0.000562699401432235,"Gathering",1,"linear",0.016,1000
"2",0.000743935776740235,0.00103363502817864,0.000475306965051206,0.00103865655736104,0.000449214996119433,0.000589441561241605,0.000558328063127434,"Gathering",1,"nonlinear",0.001,1000
"3",8.37889657006297e-05,0.000261059177298969,-0.000104001517501187,0.000271370523098412,-0.000103792591697153,0.000375163114795565,0.000365060694800156,"Hunting",1,"linear",0.412,1000
"4",0.000466460820826924,0.000716870901363313,0.000236347401321534,0.000707597734110479,0.000225323907543369,0.00048227382656711,0.000480523500041779,"Hunting",1,"nonlinear",0.001,1000
