"","m","upper","lower","norm_upper","norm_lower","w_norm_CI","w_new_CI","has_preview_condition","reread_condition","linear","new_p_val","n_sim"
"1",0.0011806860126515,0.00132987318506829,0.0010422054720629,0.00132925060568087,0.00103212141962213,0.000297129186058745,0.000287667713005385,"Gathering",0,"linear",0.001,1000
"2",0.00154103307097521,0.00169530647736538,0.00138145148770754,0.00169641994545533,0.00138564619649508,0.000310773748960248,0.000313854989657835,"Gathering",0,"nonlinear",0.001,1000
"3",0.00036415013006998,0.000625446926995828,8.39819162231745e-05,0.000631239589541025,9.70606705989349e-05,0.00053417891894209,0.000541465010772654,"Gathering",1,"linear",0.007,1000
"4",0.000614935349751955,0.000910245508586536,0.000291944232423625,0.000905534876656478,0.000324335822847433,0.000581199053809045,0.000618301276162911,"Gathering",1,"nonlinear",0.001,1000
"5",0.000759689359023419,0.00089148828318684,0.000620532683598089,0.000895479038824084,0.000623899679222753,0.000271579359601331,0.000270955599588751,"Hunting",0,"linear",0.001,1000
"6",0.00115977459322452,0.00131137961758146,0.00100509334440036,0.00130793017959918,0.00101161900684987,0.000296311172749311,0.000306286273181101,"Hunting",0,"nonlinear",0.001,1000
"7",0.000144523580063421,0.000342952252613994,-3.41715574646914e-05,0.000347045835939315,-5.7998675812474e-05,0.000405044511751789,0.000377123810078685,"Hunting",1,"linear",0.142,1000
"8",0.000445322067575612,0.000681227440607521,0.000199805158069786,0.000688786421645722,0.000201857713505503,0.000486928708140219,0.000481422282537735,"Hunting",1,"nonlinear",0.001,1000
