"","m","upper","lower","norm_upper","norm_lower","w_norm_CI","w_new_CI","has_preview_condition","reread_condition","linear","new_p_val","n_sim"
"1",0.00127890124535016,0.00142127240146089,0.00111893134928177,0.00142941956803221,0.00112838292266812,0.000301036645364093,0.000302341052179122,"Gathering",0,"linear",0.001,1000
"2",0.00159151793734712,0.00174423979812308,0.00143247239804664,0.0017463620192546,0.00143667385543964,0.000309688163814956,0.000311767400076444,"Gathering",0,"nonlinear",0.001,1000
"3",0.00109528241569188,0.00125383563819843,0.000928595650733803,0.0012503820629632,0.00094018276842056,0.000310199294542636,0.000325239987464626,"Hunting",0,"linear",0.001,1000
"4",0.00131023406430407,0.00148067265584223,0.00115343673543251,0.00147272270480132,0.00114774542380682,0.000324977280994496,0.000327235920409716,"Hunting",0,"nonlinear",0.001,1000
