"","m","upper","lower","norm_upper","norm_lower","w_norm_CI","w_new_CI","has_preview_condition","reread_condition","linear","new_p_val","n_sim"
"1",0.00011764832195183,0.000166379074350828,7.2715339810255e-05,0.000163544153695228,7.17524902084311e-05,9.17916634867968e-05,9.36637345405727e-05,"Gathering",1,"linear",0.001,1000
"2",3.52034242374997e-06,0.000219768941162349,-0.000221243554019045,0.00023340870149795,-0.00022636801665045,0.0004597767181484,0.000441012495181394,"Gathering",1,"nonlinear",0.957,1000
"3",0.000128319392162322,0.000201117718818475,5.2136879110061e-05,0.000204833317482759,5.18054668418843e-05,0.000153027850640875,0.000148980839708414,"Hunting",1,"linear",0.001,1000
"4",-3.22523512027525e-05,0.000139358128298943,-0.000212267653760707,0.000140364033449088,-0.000204868735854593,0.000345232769303682,0.00035162578205965,"Hunting",1,"nonlinear",0.731,1000
