"","m","upper","lower","norm_upper","norm_lower","w_norm_CI","w_new_CI","has_preview_condition","reread_condition","linear","new_p_val","n_sim"
"1",0.000176695157650949,0.000212043044884139,0.000139640065846946,0.000213794647954677,0.000139595667347221,7.41989806074564e-05,7.24029790371933e-05,"Gathering",1,"linear",0.001,1000
"2",1.52965180154573e-06,0.000257220821577796,-0.000219041369180998,0.000233419519516731,-0.000230360215913639,0.00046377973543037,0.000476262190758794,"Gathering",1,"nonlinear",0.945,1000
"3",0.000156895790853032,0.000233994716538327,8.30168937273429e-05,0.000234100418403581,7.96911633024827e-05,0.000154409255101099,0.000150977822810984,"Hunting",1,"linear",0.001,1000
"4",-1.69178051358666e-06,0.000163122499234931,-0.000169804562214078,0.000160157314210882,-0.000163540875238055,0.000323698189448937,0.00033292706144901,"Hunting",1,"nonlinear",0.98,1000
