"","m","upper","lower","norm_upper","norm_lower","w_norm_CI","w_new_CI","has_preview_condition","reread_condition","linear","new_p_val","n_sim"
"1",0.000150093928740347,0.000199412861074201,0.000106143916657422,0.000197288771787363,0.00010289908569333,9.43896860940328e-05,9.32689444167795e-05,"Gathering",1,"linear",0.001,1000
"2",-0.000226663393903165,-2.49846615449177e-05,-0.000442419260811798,-1.38253025616437e-05,-0.000439501485244686,0.000425676182683042,0.000417434599266881,"Gathering",1,"nonlinear",0.043,1000
"3",0.0002286904838071,0.000296357121857762,0.000164107444437369,0.000295190564727339,0.00016219040288686,0.000133000161840478,0.000132249677420393,"Hunting",1,"linear",0.001,1000
"4",6.46231703994079e-05,0.000251549752721858,-0.000119721907815509,0.000253604961916248,-0.000124358621117432,0.000377963583033679,0.000371271660537367,"Hunting",1,"nonlinear",0.475,1000
