"","m","upper","lower","norm_upper","norm_lower","w_norm_CI","w_new_CI","has_preview_condition","reread_condition","linear","new_p_val","n_sim"
"1",0.00116733724506977,0.00131091878527302,0.00103160018879586,0.00130987863270305,0.0010247958574365,0.000285082775266549,0.000279318596477158,"Gathering",0,"linear",0.001,1000
"2",0.00153225253120471,0.0016754179619079,0.00138593690481781,0.00168425544654831,0.00138024961586111,0.0003040058306872,0.000289481057090086,"Gathering",0,"nonlinear",0.001,1000
"3",0.000373749372687101,0.000615567900365757,0.000125214244250418,0.000631534651369201,0.000115964094005001,0.0005155705573642,0.000490353656115339,"Gathering",1,"linear",0.007,1000
"4",0.000661275842310125,0.000939284810446659,0.000373931281428699,0.000943874813858453,0.000378676870761796,0.000565197943096658,0.00056535352901796,"Gathering",1,"nonlinear",0.001,1000
"5",0.00082707004514916,0.000969557272848387,0.000685863264845554,0.000960707448189143,0.000693432642109177,0.000267274806079966,0.000283694008002833,"Hunting",0,"linear",0.001,1000
"6",0.0012708960724326,0.00141969038539731,0.00111263545141078,0.00142252271465007,0.00111926943021512,0.000303253284434955,0.000307054933986532,"Hunting",0,"nonlinear",0.001,1000
"7",0.000194416615354157,0.000406426877629645,-5.22683788036525e-07,0.000401229241831213,-1.23960111228985e-05,0.000413625252954111,0.000406949561417682,"Hunting",1,"linear",0.059,1000
"8",0.000451827467429104,0.000688648887335491,0.000200703385513659,0.000695072745504483,0.000208582189353726,0.000486490556150756,0.000487945501821831,"Hunting",1,"nonlinear",0.002,1000
