"","m","upper","lower","norm_upper","norm_lower","w_norm_CI","w_new_CI","has_preview_condition","reread_condition","linear","new_p_val","n_sim"
"1",0.00119551167448687,0.00133384526562856,0.00103021264562875,0.00133996415713204,0.00105105919184169,0.000288904965290352,0.000303632619999811,"Gathering",0,"linear",0.001,1000
"2",0.00153682668367623,0.0016816482145774,0.00138200055483794,0.00168928130264065,0.00138437206471181,0.000304909237928843,0.000299647659739463,"Gathering",0,"nonlinear",0.001,1000
"3",0.000450035235504327,0.000725268863067843,0.000185955681251875,0.000714058376784944,0.000186012094223711,0.000528046282561233,0.000539313181815967,"Gathering",1,"linear",0.002,1000
"4",0.000722896409269503,0.00101539509184287,0.000435889656628291,0.00101544714074109,0.000430345677797916,0.000585101462943174,0.000579505435214583,"Gathering",1,"nonlinear",0.001,1000
"5",0.000785258487170942,0.000922185538941088,0.000654221871000413,0.000918726927455275,0.00065179004688661,0.000266936880568665,0.000267963667940675,"Hunting",0,"linear",0.001,1000
"6",0.00115978241321747,0.00131183405900607,0.00101272319877334,0.00130951894751507,0.00101004587891987,0.0002994730685952,0.00029911086023273,"Hunting",0,"nonlinear",0.001,1000
"7",0.000245167757070267,0.000469673689851649,5.22687068298798e-06,0.000470051527269142,2.02839868713932e-05,0.000449767540397748,0.000464446819168661,"Hunting",1,"linear",0.037,1000
"8",0.000583250683159479,0.000860445711417231,0.000317304533315223,0.000863360413074878,0.000303140953244081,0.000560219459830796,0.000543141178102007,"Hunting",1,"nonlinear",0.001,1000
