"","m","upper","lower","norm_upper","norm_lower","w_norm_CI","w_new_CI","has_preview_condition","reread_condition","linear","new_p_val","n_sim"
"1",0.00025944002775212,0.00050946309177386,-9.7378930458953e-06,0.000510319695809494,8.56035969474508e-06,0.000501759336114749,0.000519200984819755,"Gathering",1,"linear",0.045,1000
"2",0.000602396707233472,0.000869707375668485,0.0003412849908917,0.000879489379271536,0.000325304035195407,0.000554185344076129,0.000528422384776785,"Gathering",1,"nonlinear",0.001,1000
"3",0.000137432913317914,0.000324232762585426,-5.91131434753701e-05,0.000321673400056193,-4.68075734203659e-05,0.000368480973476559,0.000383345906060796,"Hunting",1,"linear",0.155,1000
"4",0.000382231811340231,0.000606312720759943,0.000161232750605528,0.000607066306277669,0.000157397316402792,0.000449668989874877,0.000445079970154415,"Hunting",1,"nonlinear",0.002,1000
