"","m","upper","lower","norm_upper","norm_lower","w_norm_CI","w_new_CI","has_preview_condition","reread_condition","linear","new_p_val","n_sim"
"1",0.000374950021439775,0.000621071395944158,9.7546776141628e-05,0.000636660023650832,0.000113240019228718,0.000523420004422115,0.00052352461980253,"Gathering",1,"linear",0.008,1000
"2",0.00067889728676037,0.000951155230327033,0.000390222929451343,0.000965208625103627,0.000392585948417114,0.000572622676686512,0.00056093230087569,"Gathering",1,"nonlinear",0.001,1000
"3",0.00012828488706486,0.000357439785683687,-7.82032790297144e-05,0.000340536101405508,-8.39663272757881e-05,0.000424502428681296,0.000435643064713401,"Hunting",1,"linear",0.235,1000
"4",0.000516339636954077,0.000787744475882526,0.000255904971469789,0.000776550580073244,0.00025612869383491,0.000520421886238334,0.000531839504412737,"Hunting",1,"nonlinear",0.001,1000
