"","m","upper","lower","norm_upper","norm_lower","w_norm_CI","w_new_CI","has_preview_condition","reread_condition","linear","new_p_val","n_sim"
"1",0.00126059110967566,0.00141452894850553,0.00111399056901598,0.00140641937701053,0.0011147628423408,0.000291656534669725,0.000300538379489553,"Gathering",0,"linear",0.001,1000
"2",0.00152856129699622,0.00167345103388735,0.00137517021452187,0.00168194838405851,0.00137517420993393,0.000306774174124584,0.000298280819365475,"Gathering",0,"nonlinear",0.001,1000
"3",0.000863242136731082,0.00101304391086924,0.000731406043758472,0.00100203906220435,0.000724445211257811,0.000277593850946543,0.000281637867110764,"Hunting",0,"linear",0.001,1000
"4",0.00122277519743272,0.00136566490153149,0.00108163126014089,0.00137295708511138,0.00107259330975406,0.000300363775357323,0.000284033641390596,"Hunting",0,"nonlinear",0.001,1000
