"","m","upper","lower","norm_upper","norm_lower","w_norm_CI","w_new_CI","has_preview_condition","reread_condition","linear","new_p_val","n_sim"
"1",-0.000170220821156736,-5.79141205021832e-05,-0.000281708408370598,-5.22428103037476e-05,-0.000288198832009725,0.000235956021705977,0.000223794287868414,"Gathering",1,"linear",0.001,1000
"2",-0.000422721727370374,-0.000231530614448442,-0.000632063765231115,-0.000227633709332086,-0.000617809745408662,0.000390176036076577,0.000400533150782674,"Gathering",1,"nonlinear",0.001,1000
"3",0.000343341019843905,0.000489634953140543,0.000197189871121889,0.000480996459906084,0.000205685579781725,0.000275310880124359,0.000292445082018654,"Hunting",1,"linear",0.001,1000
"4",-0.00013424282575127,0.000132932737114013,-0.000376459708134178,0.000129073466086378,-0.000397559117588919,0.000526632583675297,0.000509392445248192,"Hunting",1,"nonlinear",0.359,1000
