"","m","upper","lower","norm_upper","norm_lower","w_norm_CI","w_new_CI","has_preview_condition","reread_condition","linear","new_p_val","n_sim"
"1",-0.000400872212007392,-0.000241160452452689,-0.000550448235295087,-0.000250003875772134,-0.00055174054824265,0.000301736672470516,0.000309287782842399,"Gathering",1,"linear",0.001,1000
"2",-0.000751136175072286,-0.000504744594731403,-0.00101758433368063,-0.000499860334675433,-0.00100241201546914,0.000502551680793705,0.000512839738949229,"Gathering",1,"nonlinear",0.001,1000
"3",-4.17141442475084e-05,3.25188032146949e-08,-8.21653451396979e-05,4.76649110086516e-07,-8.39049376051034e-05,8.43815867151899e-05,8.21978639429126e-05,"Hunting",1,"linear",0.044,1000
"4",0.000207148337664945,0.000438336638861786,-1.67987538569089e-05,0.000425671109135212,-1.13744338053226e-05,0.000437045542940535,0.000455135392718695,"Hunting",1,"nonlinear",0.081,1000
