"","m","upper","lower","norm_upper","norm_lower","w_norm_CI","w_new_CI","has_preview_condition","reread_condition","linear","new_p_val","n_sim"
"1",0.000562889494066289,0.000887597533312595,0.000248223001142181,0.000874246387381159,0.000251532600751418,0.000622713786629741,0.000639374532170415,"Gathering",1,"linear",0.001,1000
"2",0.000647432399126093,0.000994601742067093,0.000312830272934339,0.000991481263679464,0.000303383534572721,0.000688097729106743,0.000681771469132754,"Gathering",1,"nonlinear",0.001,1000
"3",-4.03678832433514e-05,0.000246889130257769,-0.000309572890876116,0.000253406669883678,-0.000334142436370381,0.00058754910625406,0.000556462021133885,"Hunting",1,"linear",0.752,1000
"4",0.000129147177790496,0.000463027130019582,-0.00020316256876144,0.000458451304364181,-0.00020015694878319,0.000658608253147372,0.000666189698781021,"Hunting",1,"nonlinear",0.412,1000
