"","m","upper","lower","norm_upper","norm_lower","w_norm_CI","w_new_CI","has_preview_condition","reread_condition","linear","new_p_val","n_sim"
"1",0.0016606733673761,0.00215205379695428,0.00115601614512799,0.00216812692166308,0.00115321981308912,0.00101490710857396,0.000996037651826293,"Gathering",0,"linear",0.001,1000
"2",0.00193601642840684,0.00248176694812748,0.00138045346712689,0.00247177369062859,0.00140025916618508,0.00107151452444351,0.00110131348100059,"Gathering",0,"nonlinear",0.001,1000
"3",0.00111845925643321,0.0015700476559376,0.000660919589138857,0.00158109648335921,0.000655822029507217,0.000925274453851993,0.00090912806679874,"Hunting",0,"linear",0.001,1000
"4",0.00142905780896575,0.00202353989758251,0.000841922021842779,0.00200993981003205,0.00084817580789946,0.00116176400213259,0.00118161787573974,"Hunting",0,"nonlinear",0.001,1000
